"ID","Last Name","First Name","Team ID","Team Name","Status","Status Details","Position","Eligible Positions","Image"
"453.p.6369","Draisaitl","Leon","453.l.82957.t.1","Bad Hab-Its","Available","","C","C,LW","https://s.yimg.com/iu/api/res/1.2/lhtZ8Lz2yIOllUwIenPUDQ--~C/YXBwaWQ9eXNwb3J0cztjaD0yMzM2O2NyPTE7Y3c9MTc5MDtkeD04NTc7ZHk9MDtmaT11bGNyb3A7aD02MDtxPTEwMDt3PTQ2/https://s.yimg.com/xe/i/us/sp/v/nhl_cutout/players_l/10172024/6369.png"
"453.p.4990","Nelson","Brock","453.l.82957.t.1","Bad Hab-Its","Available","","C","C","https://s.yimg.com/iu/api/res/1.2/vcGalgCvQCaRfoWS1JM87g--~C/YXBwaWQ9eXNwb3J0cztjaD0yMzM2O2NyPTE7Y3c9MTc5MDtkeD04NTc7ZHk9MDtmaT11bGNyb3A7aD02MDtxPTEwMDt3PTQ2/https://s.yimg.com/xe/i/us/sp/v/nhl_cutout/players_l/10142024/4990.png"
"453.p.7147","DeBrincat","Alex","453.l.82957.t.1","Bad Hab-Its","Available","","LW","LW,RW","https://s.yimg.com/iu/api/res/1.2/npsCiy_3TvFf7FLhothKaA--~C/YXBwaWQ9eXNwb3J0cztjaD0yMzM2O2NyPTE7Y3c9MTc5MDtkeD04NTc7ZHk9MDtmaT11bGNyb3A7aD02MDtxPTEwMDt3PTQ2/https://s.yimg.com/xe/i/us/sp/v/nhl_cutout/players_l/11172023/7147.png"
"453.p.9269","Slafkovsky","Juraj","453.l.82957.t.1","Bad Hab-Its","Available","","LW","LW,RW","https://s.yimg.com/iu/api/res/1.2/W8y0W4P2cmWqrhL_qALTqg--~C/YXBwaWQ9eXNwb3J0cztjaD0yMzM2O2NyPTE7Y3c9MTc5MDtkeD04NTc7ZHk9MDtmaT11bGNyb3A7aD02MDtxPTEwMDt3PTQ2/https://s.yimg.com/xe/i/us/sp/v/nhl_cutout/players_l/10282022/9269.png"
"453.p.7134","Thompson","Tage","453.l.82957.t.1","Bad Hab-Its","Available","","RW","C,RW","https://s.yimg.com/iu/api/res/1.2/Wtihko9DnGrOSbmAfC0U7g--~C/YXBwaWQ9eXNwb3J0cztjaD0yMzM2O2NyPTE7Y3c9MTc5MDtkeD04NTc7ZHk9MDtmaT11bGNyb3A7aD02MDtxPTEwMDt3PTQ2/https://s.yimg.com/xe/i/us/sp/v/nhl_cutout/players_l/10102024/7134.png"
"453.p.30548","Michkov","Matvei","453.l.82957.t.1","Bad Hab-Its","Available","","RW","RW","https://s.yimg.com/iu/api/res/1.2/XWRXQ4hWhuy5RWNEkb0hHQ--~C/YXBwaWQ9eXNwb3J0cztjaD0yMzM2O2NyPTE7Y3c9MTc5MDtkeD04NTc7ZHk9MDtmaT11bGNyb3A7aD02MDtxPTEwMDt3PTQ2/https://s.yimg.com/xe/i/us/sp/v/nhl_cutout/players_l/10072024/30548.png"
"453.p.7910","Dobson","Noah","453.l.82957.t.1","Bad Hab-Its","Available","","D","D","https://s.yimg.com/iu/api/res/1.2/TIil77hHcP0tTNsFUaCq_Q--~C/YXBwaWQ9eXNwb3J0cztjaD0yMzM2O2NyPTE7Y3c9MTc5MDtkeD04NTc7ZHk9MDtmaT11bGNyb3A7aD02MDtxPTEwMDt3PTQ2/https://s.yimg.com/xe/i/us/sp/v/nhl_cutout/players_l/10142024/7910.png"
"453.p.8645","Sanderson","Jake","453.l.82957.t.1","Bad Hab-Its","Available","","D","D","https://s.yimg.com/iu/api/res/1.2/rtonkeV1TF7UbDQqJm55AA--~C/YXBwaWQ9eXNwb3J0cztjaD0yMzM2O2NyPTE7Y3c9MTc5MDtkeD04NTc7ZHk9MDtmaT11bGNyb3A7aD02MDtxPTEwMDt3PTQ2/https://s.yimg.com/xe/i/us/sp/v/nhl_cutout/players_l/10162024/8645.png"
"453.p.7498","Pionk","Neal","453.l.82957.t.1","Bad Hab-Its","Available","","D","D","https://s.yimg.com/iu/api/res/1.2/u8mujY.NqO0W429jd6e9uw--~C/YXBwaWQ9eXNwb3J0cztjaD0yMzM2O2NyPTE7Y3c9MTc5MDtkeD04NTc7ZHk9MDtmaT11bGNyb3A7aD02MDtxPTEwMDt3PTQ2/https://s.yimg.com/xe/i/us/sp/v/nhl_cutout/players_l/10172024/7498.png"
"453.p.8296","Harley","Thomas","453.l.82957.t.1","Bad Hab-Its","Available","","D","D","https://s.yimg.com/iu/api/res/1.2/tG1txjRsqtnhPDrRAkFpGg--~C/YXBwaWQ9eXNwb3J0cztjaD0yMzM2O2NyPTE7Y3c9MTc5MDtkeD04NTc7ZHk9MDtmaT11bGNyb3A7aD02MDtxPTEwMDt3PTQ2/https://s.yimg.com/xe/i/us/sp/v/nhl_cutout/players_l/10112024/8296.png"
"453.p.7527","Necas","Martin","453.l.82957.t.1","Bad Hab-Its","Available","","BN","C,RW","https://s.yimg.com/iu/api/res/1.2/1lhSjIcJZ9LaMzW.0wy9Eg--~C/YXBwaWQ9eXNwb3J0cztjaD0yMzM2O2NyPTE7Y3c9MTc5MDtkeD04NTc7ZHk9MDtmaT11bGNyb3A7aD02MDtxPTEwMDt3PTQ2/https://s.yimg.com/xe/i/us/sp/v/nhl_cutout/players_l/10022024/7527.png"
"453.p.6367","Ekblad","Aaron","453.l.82957.t.1","Bad Hab-Its","Available","","BN","D","https://s.yimg.com/iu/api/res/1.2/RFrYlL1ETpyXJcVoM8TZSA--~C/YXBwaWQ9eXNwb3J0cztjaD0yMzM2O2NyPTE7Y3c9MTc5MDtkeD04NTc7ZHk9MDtmaT11bGNyb3A7aD02MDtxPTEwMDt3PTQ2/https://s.yimg.com/xe/i/us/sp/v/nhl_cutout/players_l/10142024/6367.png"
"453.p.8644","Raymond","Lucas","453.l.82957.t.1","Bad Hab-Its","Available","","BN","LW,RW","https://s.yimg.com/iu/api/res/1.2/tSZu_Sj.Yp1SbXhlUoTOVQ--~C/YXBwaWQ9eXNwb3J0cztjaD0yMzM2O2NyPTE7Y3c9MTc5MDtkeD04NTc7ZHk9MDtmaT11bGNyb3A7aD02MDtxPTEwMDt3PTQ2/https://s.yimg.com/xe/i/us/sp/v/nhl_cutout/players_l/10162024/8644.png"
"453.p.8284","Seider","Moritz","453.l.82957.t.1","Bad Hab-Its","Available","","BN","D","https://s.yimg.com/iu/api/res/1.2/BIE.gaC4cLVPAltEraEDNg--~C/YXBwaWQ9eXNwb3J0cztjaD0yMzM2O2NyPTE7Y3c9MTc5MDtkeD04NTc7ZHk9MDtmaT11bGNyb3A7aD02MDtxPTEwMDt3PTQ2/https://s.yimg.com/xe/i/us/sp/v/nhl_cutout/players_l/11172023/8284.png"
"453.p.5699","Vasilevskiy","Andrei","453.l.82957.t.1","Bad Hab-Its","Available","","G","G","https://s.yimg.com/iu/api/res/1.2/E6n8XwHGU.KV0MDyqTqM0g--~C/YXBwaWQ9eXNwb3J0cztjaD0yMzM2O2NyPTE7Y3c9MTc5MDtkeD04NTc7ZHk9MDtmaT11bGNyb3A7aD02MDtxPTEwMDt3PTQ2/https://s.yimg.com/xe/i/us/sp/v/nhl_cutout/players_l/10182024/5699.png"
"453.p.4901","Bobrovsky","Sergei","453.l.82957.t.1","Bad Hab-Its","Available","","G","G","https://s.yimg.com/iu/api/res/1.2/p_8woEkIUkxuBq3bJk26oQ--~C/YXBwaWQ9eXNwb3J0cztjaD0yMzM2O2NyPTE7Y3c9MTc5MDtkeD04NTc7ZHk9MDtmaT11bGNyb3A7aD02MDtxPTEwMDt3PTQ2/https://s.yimg.com/xe/i/us/sp/v/nhl_cutout/players_l/10142024/4901.png"
"453.p.7109","Matthews","Auston","453.l.82957.t.2","San Jose Barra-Cuties","Available","","C","C","https://s.yimg.com/iu/api/res/1.2/fblR6QiozJusHYAEWc2UhQ--~C/YXBwaWQ9eXNwb3J0cztjaD0yMzM2O2NyPTE7Y3c9MTc5MDtkeD04NTc7ZHk9MDtmaT11bGNyb3A7aD02MDtxPTEwMDt3PTQ2/https://s.yimg.com/xe/i/us/sp/v/nhl_cutout/players_l/10262023/7109.png"
"453.p.32763","Celebrini","Macklin","453.l.82957.t.2","San Jose Barra-Cuties","Available","","C","C","https://s.yimg.com/iu/api/res/1.2/K9Um1Ck5gawKcDUujgMtHQ--~C/YXBwaWQ9eXNwb3J0cztjaD0yMzM2O2NyPTE7Y3c9MTc5MDtkeD04NTc7ZHk9MDtmaT11bGNyb3A7aD02MDtxPTEwMDt3PTQ2/https://s.yimg.com/xe/i/us/sp/v/nhl_cutout/players_l/10082024/32763.png"
"453.p.7267","Bratt","Jesper","453.l.82957.t.2","San Jose Barra-Cuties","Available","","LW","LW,RW","https://s.yimg.com/iu/api/res/1.2/9AmcWy5HD5gYuRIG_kkMqw--~C/YXBwaWQ9eXNwb3J0cztjaD0yMzM2O2NyPTE7Y3c9MTc5MDtkeD04NTc7ZHk9MDtmaT11bGNyb3A7aD02MDtxPTEwMDt3PTQ2/https://s.yimg.com/xe/i/us/sp/v/nhl_cutout/players_l/10152024/7267.png"
"453.p.4699","Kreider","Chris","453.l.82957.t.2","San Jose Barra-Cuties","Available","","LW","LW","https://s.yimg.com/iu/api/res/1.2/myhOw6tSkrjn1QwHtCouNw--~C/YXBwaWQ9eXNwb3J0cztjaD0yMzM2O2NyPTE7Y3c9MTc5MDtkeD04NTc7ZHk9MDtmaT11bGNyb3A7aD02MDtxPTEwMDt3PTQ2/https://s.yimg.com/xe/i/us/sp/v/nhl_cutout/players_l/10182024/4699.png"
"453.p.6386","Schmaltz","Nick","453.l.82957.t.2","San Jose Barra-Cuties","Available","","RW","C,RW","https://s.yimg.com/iu/api/res/1.2/ivRTJC07t17Bg2YehWVPvA--~C/YXBwaWQ9eXNwb3J0cztjaD0yMzM2O2NyPTE7Y3c9MTc5MDtkeD04NTc7ZHk9MDtmaT11bGNyb3A7aD02MDtxPTEwMDt3PTQ2/https://s.yimg.com/xe/i/us/sp/v/nhl_cutout/players_l/11012024/6386.png"
"453.p.6865","Garland","Conor","453.l.82957.t.2","San Jose Barra-Cuties","Available","","RW","RW","https://s.yimg.com/iu/api/res/1.2/_QHl5UOMntHgKcgfOebFPQ--~C/YXBwaWQ9eXNwb3J0cztjaD0yMzM2O2NyPTE7Y3c9MTc5MDtkeD04NTc7ZHk9MDtmaT11bGNyb3A7aD02MDtxPTEwMDt3PTQ2/https://s.yimg.com/xe/i/us/sp/v/nhl_cutout/players_l/10132023/6865.png"
"453.p.6184","Weegar","MacKenzie","453.l.82957.t.2","San Jose Barra-Cuties","Available","","D","D","https://s.yimg.com/iu/api/res/1.2/pWDKwsyqnUCoRNj8llJNEg--~C/YXBwaWQ9eXNwb3J0cztjaD0yMzM2O2NyPTE7Y3c9MTc5MDtkeD04NTc7ZHk9MDtmaT11bGNyb3A7aD02MDtxPTEwMDt3PTQ2/https://s.yimg.com/xe/i/us/sp/v/nhl_cutout/players_l/10112024/6184.png"
"453.p.6494","Forsling","Gustav","453.l.82957.t.2","San Jose Barra-Cuties","Available","","D","D","https://s.yimg.com/iu/api/res/1.2/1eWF.RxIgTpCOw43cAHfzA--~C/YXBwaWQ9eXNwb3J0cztjaD0yMzM2O2NyPTE7Y3c9MTc5MDtkeD04NTc7ZHk9MDtmaT11bGNyb3A7aD02MDtxPTEwMDt3PTQ2/https://s.yimg.com/xe/i/us/sp/v/nhl_cutout/players_l/10142024/6494.png"
"453.p.7117","Sergachev","Mikhail","453.l.82957.t.2","San Jose Barra-Cuties","Available","","D","D","https://s.yimg.com/iu/api/res/1.2/kIiSMDWjA.DhjD30Cq2dGg--~C/YXBwaWQ9eXNwb3J0cztjaD0yMzM2O2NyPTE7Y3c9MTc5MDtkeD04NTc7ZHk9MDtmaT11bGNyb3A7aD02MDtxPTEwMDt3PTQ2/https://s.yimg.com/xe/i/us/sp/v/nhl_cutout/players_l/11012024/7117.png"
"453.p.6451","Walman","Jake","453.l.82957.t.2","San Jose Barra-Cuties","Available","","D","D","https://s.yimg.com/iu/api/res/1.2/fUIr5Vwg_1Acl1J2ayO1fw--~C/YXBwaWQ9eXNwb3J0cztjaD0yMzM2O2NyPTE7Y3c9MTc5MDtkeD04NTc7ZHk9MDtmaT11bGNyb3A7aD02MDtxPTEwMDt3PTQ2/https://s.yimg.com/xe/i/us/sp/v/nhl_cutout/players_l/10162024/6451.png"
"453.p.5096","Hyman","Zach","453.l.82957.t.2","San Jose Barra-Cuties","Available","","BN","LW,RW","https://s.yimg.com/iu/api/res/1.2/XM1lwsHETs.vAMEuPM3ccA--~C/YXBwaWQ9eXNwb3J0cztjaD0yMzM2O2NyPTE7Y3c9MTc5MDtkeD04NTc7ZHk9MDtmaT11bGNyb3A7aD02MDtxPTEwMDt3PTQ2/https://s.yimg.com/xe/i/us/sp/v/nhl_cutout/players_l/10172024/5096.png"
"453.p.6395","Kempe","Adrian","453.l.82957.t.2","San Jose Barra-Cuties","Available","","BN","C,RW","https://s.yimg.com/iu/api/res/1.2/ywTXEEY75VkEtMAvWMSkwA--~C/YXBwaWQ9eXNwb3J0cztjaD0yMzM2O2NyPTE7Y3c9MTc5MDtkeD04NTc7ZHk9MDtmaT11bGNyb3A7aD02MDtxPTEwMDt3PTQ2/https://s.yimg.com/xe/i/us/sp/v/nhl_cutout/players_l/10172024/6395.png"
"453.p.5152","Stone","Mark","453.l.82957.t.2","San Jose Barra-Cuties","Available","","BN","RW","https://s.yimg.com/iu/api/res/1.2/iBph4NgPCP18702uSnzJdw--~C/YXBwaWQ9eXNwb3J0cztjaD0yMzM2O2NyPTE7Y3c9MTc5MDtkeD04NTc7ZHk9MDtmaT11bGNyb3A7aD02MDtxPTEwMDt3PTQ2/https://s.yimg.com/xe/i/us/sp/v/nhl_cutout/players_l/10162024/5152.png"
"453.p.6402","Barbashev","Ivan","453.l.82957.t.2","San Jose Barra-Cuties","Available","","BN","C,LW","https://s.yimg.com/iu/api/res/1.2/Gq5DAPrE4a.IqCXTHXY_VQ--~C/YXBwaWQ9eXNwb3J0cztjaD0yMzM2O2NyPTE7Y3c9MTc5MDtkeD04NTc7ZHk9MDtmaT11bGNyb3A7aD02MDtxPTEwMDt3PTQ2/https://s.yimg.com/xe/i/us/sp/v/nhl_cutout/players_l/10162024/6402.png"
"453.p.7163","Gustavsson","Filip","453.l.82957.t.2","San Jose Barra-Cuties","Available","","G","G","https://s.yimg.com/iu/api/res/1.2/YUOTRR4x2XmTO9pE8lzoWA--~C/YXBwaWQ9eXNwb3J0cztjaD0yMzM2O2NyPTE7Y3c9MTc5MDtkeD04NTc7ZHk9MDtmaT11bGNyb3A7aD02MDtxPTEwMDt3PTQ2/https://s.yimg.com/xe/i/us/sp/v/nhl_cutout/players_l/10162024/7163.png"
"453.p.9232","Stauber","Jaxson","453.l.82957.t.2","San Jose Barra-Cuties","Available","","G","G","https://s.yimg.com/iu/api/res/1.2/t.7sIswtsgSP3oUqxc6AmQ--~C/YXBwaWQ9eXNwb3J0cztjaD0yMzM2O2NyPTE7Y3c9MTc5MDtkeD04NTc7ZHk9MDtmaT11bGNyb3A7aD02MDtxPTEwMDt3PTQ2/https://s.yimg.com/xe/i/us/sp/v/nhl_cutout/players_l/12022024/9232.png"
"453.p.5376","Miller","J.T.","453.l.82957.t.3","Hockey???","Other","IR-NR - Personal","C","C,RW,IR","https://s.yimg.com/iu/api/res/1.2/hF9HnpxwcemUpHWihrWXsw--~C/YXBwaWQ9eXNwb3J0cztjaD0yMzM2O2NyPTE7Y3c9MTc5MDtkeD04NTc7ZHk9MDtmaT11bGNyb3A7aD02MDtxPTEwMDt3PTQ2/https://s.yimg.com/xe/i/us/sp/v/nhl_cutout/players_l/10182024/5376.png"
"453.p.6762","Eriksson Ek","Joel","453.l.82957.t.3","Hockey???","Injured","IR - Lower Body","C","C,IR","https://s.yimg.com/iu/api/res/1.2/y6HTaNWkP6UU6xkk2TgJSQ--~C/YXBwaWQ9eXNwb3J0cztjaD0yMzM2O2NyPTE7Y3c9MTc5MDtkeD04NTc7ZHk9MDtmaT11bGNyb3A7aD02MDtxPTEwMDt3PTQ2/https://s.yimg.com/xe/i/us/sp/v/nhl_cutout/players_l/10162024/6762.png"
"453.p.3637","Ovechkin","Alex","453.l.82957.t.3","Hockey???","Injured","IR - Lower Leg","LW","LW,RW,IR","https://s.yimg.com/iu/api/res/1.2/K5YAr5S3nCOp8Mk5HZJvug--~C/YXBwaWQ9eXNwb3J0cztjaD0yMzM2O2NyPTE7Y3c9MTc5MDtkeD04NTc7ZHk9MDtmaT11bGNyb3A7aD02MDtxPTEwMDt3PTQ2/https://s.yimg.com/xe/i/us/sp/v/nhl_cutout/players_l/10052023/3637.png"
"453.p.6759","Connor","Kyle","453.l.82957.t.3","Hockey???","Available","","LW","LW","https://s.yimg.com/iu/api/res/1.2/4Wsw8FJW1M5KNKPKQKZAxQ--~C/YXBwaWQ9eXNwb3J0cztjaD0yMzM2O2NyPTE7Y3c9MTc5MDtkeD04NTc7ZHk9MDtmaT11bGNyb3A7aD02MDtxPTEwMDt3PTQ2/https://s.yimg.com/xe/i/us/sp/v/nhl_cutout/players_l/10172024/6759.png"
"453.p.7114","Tkachuk","Matthew","453.l.82957.t.3","Hockey???","Available","","RW","LW,RW","https://s.yimg.com/iu/api/res/1.2/9MfrIHjulMGlDIoAzgAPRw--~C/YXBwaWQ9eXNwb3J0cztjaD0yMzM2O2NyPTE7Y3c9MTc5MDtkeD04NTc7ZHk9MDtmaT11bGNyb3A7aD02MDtxPTEwMDt3PTQ2/https://s.yimg.com/xe/i/us/sp/v/nhl_cutout/players_l/10142024/7114.png"
"453.p.4240","Kane","Patrick","453.l.82957.t.3","Hockey???","Available","","RW","RW","https://s.yimg.com/iu/api/res/1.2/3ecNrawp4gUDdcl7HbdOpg--~C/YXBwaWQ9eXNwb3J0cztjaD0yMzM2O2NyPTE7Y3c9MTc5MDtkeD04NTc7ZHk9MDtmaT11bGNyb3A7aD02MDtxPTEwMDt3PTQ2/https://s.yimg.com/xe/i/us/sp/v/nhl_cutout/players_l/12052023/4240.png"
"453.p.7122","McAvoy","Charlie","453.l.82957.t.3","Hockey???","Available","","D","D","https://s.yimg.com/iu/api/res/1.2/ztR7l3wSsi_oHr8Qih_NPA--~C/YXBwaWQ9eXNwb3J0cztjaD0yMzM2O2NyPTE7Y3c9MTc5MDtkeD04NTc7ZHk9MDtmaT11bGNyb3A7aD02MDtxPTEwMDt3PTQ2/https://s.yimg.com/xe/i/us/sp/v/nhl_cutout/players_l/10102024/7122.png"
"453.p.5329","Ekholm","Mattias","453.l.82957.t.3","Hockey???","Available","","D","D","https://s.yimg.com/iu/api/res/1.2/M43cCG67kXtVs_LB9ZmatQ--~C/YXBwaWQ9eXNwb3J0cztjaD0yMzM2O2NyPTE7Y3c9MTc5MDtkeD04NTc7ZHk9MDtmaT11bGNyb3A7aD02MDtxPTEwMDt3PTQ2/https://s.yimg.com/xe/i/us/sp/v/nhl_cutout/players_l/10172024/5329.png"
"453.p.6383","Sanheim","Travis","453.l.82957.t.3","Hockey???","Available","","D","D","https://s.yimg.com/iu/api/res/1.2/4MSuyC5hJM9isoYHWERRDw--~C/YXBwaWQ9eXNwb3J0cztjaD0yMzM2O2NyPTE7Y3c9MTc5MDtkeD04NTc7ZHk9MDtmaT11bGNyb3A7aD02MDtxPTEwMDt3PTQ2/https://s.yimg.com/xe/i/us/sp/v/nhl_cutout/players_l/10182024/6383.png"
"453.p.8282","Byram","Bowen","453.l.82957.t.3","Hockey???","Available","","D","D","https://s.yimg.com/iu/api/res/1.2/3Q2aqe2UO5FgvhDLyltLEw--~C/YXBwaWQ9eXNwb3J0cztjaD0yMzM2O2NyPTE7Y3c9MTc5MDtkeD04NTc7ZHk9MDtmaT11bGNyb3A7aD02MDtxPTEwMDt3PTQ2/https://s.yimg.com/xe/i/us/sp/v/nhl_cutout/players_l/10102024/8282.png"
"453.p.7636","Batherson","Drake","453.l.82957.t.3","Hockey???","Available","","BN","LW,RW","https://s.yimg.com/iu/api/res/1.2/3faJojNPyTC3LeXyuGNEjQ--~C/YXBwaWQ9eXNwb3J0cztjaD0yMzM2O2NyPTE7Y3c9MTc5MDtkeD04NTc7ZHk9MDtmaT11bGNyb3A7aD02MDtxPTEwMDt3PTQ2/https://s.yimg.com/xe/i/us/sp/v/nhl_cutout/players_l/10162024/7636.png"
"453.p.7528","Suzuki","Nick","453.l.82957.t.3","Hockey???","Available","","BN","C","https://s.yimg.com/iu/api/res/1.2/US5MpBlJn.zUcGBSdXWncw--~C/YXBwaWQ9eXNwb3J0cztjaD0yMzM2O2NyPTE7Y3c9MTc5MDtkeD04NTc7ZHk9MDtmaT11bGNyb3A7aD02MDtxPTEwMDt3PTQ2/https://s.yimg.com/xe/i/us/sp/v/nhl_cutout/players_l/11282023/7528.png"
"453.p.5697","Hertl","Tomas","453.l.82957.t.3","Hockey???","Available","","BN","C,LW","https://s.yimg.com/iu/api/res/1.2/A1fgszj06qWmlHk1h6coog--~C/YXBwaWQ9eXNwb3J0cztjaD0yMzM2O2NyPTE7Y3c9MTc5MDtkeD04NTc7ZHk9MDtmaT11bGNyb3A7aD02MDtxPTEwMDt3PTQ2/https://s.yimg.com/xe/i/us/sp/v/nhl_cutout/players_l/10162024/5697.png"
"453.p.7751","Walker","Sean","453.l.82957.t.3","Hockey???","Available","","BN","D","https://s.yimg.com/iu/api/res/1.2/khrs.HvcbGWED2nkq5q3Tg--~C/YXBwaWQ9eXNwb3J0cztjaD0yMzM2O2NyPTE7Y3c9MTc5MDtkeD04NTc7ZHk9MDtmaT11bGNyb3A7aD02MDtxPTEwMDt3PTQ2/https://s.yimg.com/xe/i/us/sp/v/nhl_cutout/players_l/10022024/7751.png"
"453.p.7736","Georgiev","Alexandar","453.l.82957.t.3","Hockey???","Available","","G","G","https://s.yimg.com/iu/api/res/1.2/u0P9laSvXSo3tHSSCwRFZQ--~C/YXBwaWQ9eXNwb3J0cztjaD0yMzM2O2NyPTE7Y3c9MTc5MDtkeD04NTc7ZHk9MDtmaT11bGNyb3A7aD02MDtxPTEwMDt3PTQ2/https://s.yimg.com/xe/i/us/sp/v/nhl_cutout/players_l/11072023/7736.png"
"453.p.6985","Ingram","Connor","453.l.82957.t.3","Hockey???","Injured","IR - Upper Body","G","G,IR","https://s.yimg.com/iu/api/res/1.2/.3MxoOF6vxSok3oYy8Y.mw--~C/YXBwaWQ9eXNwb3J0cztjaD0yMzM2O2NyPTE7Y3c9MTc5MDtkeD04NTc7ZHk9MDtmaT11bGNyb3A7aD02MDtxPTEwMDt3PTQ2/https://s.yimg.com/xe/i/us/sp/v/nhl_cutout/players_l/11012024/6985.png"
"453.p.6745","Strome","Dylan","453.l.82957.t.4","Bad habits","Available","","C","C","https://s.yimg.com/iu/api/res/1.2/fekJFuPdc3ztP8WqdUUQYg--~C/YXBwaWQ9eXNwb3J0cztjaD0yMzM2O2NyPTE7Y3c9MTc5MDtkeD04NTc7ZHk9MDtmaT11bGNyb3A7aD02MDtxPTEwMDt3PTQ2/https://s.yimg.com/xe/i/us/sp/v/nhl_cutout/players_l/10052023/6745.png"
"453.p.6374","Nylander","William","453.l.82957.t.4","Bad habits","Available","","C","C,RW","https://s.yimg.com/iu/api/res/1.2/7d1dxrzE1J1ZudqVIWuNnA--~C/YXBwaWQ9eXNwb3J0cztjaD0yMzM2O2NyPTE7Y3c9MTc5MDtkeD04NTc7ZHk9MDtmaT11bGNyb3A7aD02MDtxPTEwMDt3PTQ2/https://s.yimg.com/xe/i/us/sp/v/nhl_cutout/players_l/10172024/6374.png"
"453.p.7224","Colton","Ross","453.l.82957.t.4","Bad habits","Available","","LW","C,LW","https://s.yimg.com/iu/api/res/1.2/_f9PtLU_rwpsGYXvaRC_sQ--~C/YXBwaWQ9eXNwb3J0cztjaD0yMzM2O2NyPTE7Y3c9MTc5MDtkeD04NTc7ZHk9MDtmaT11bGNyb3A7aD02MDtxPTEwMDt3PTQ2/https://s.yimg.com/xe/i/us/sp/v/nhl_cutout/players_l/10162023/7224.png"
"453.p.7066","Marchment","Mason","453.l.82957.t.4","Bad habits","Available","","LW","LW","https://s.yimg.com/iu/api/res/1.2/wzEyVgj.sv5ukgJXcqeNeA--~C/YXBwaWQ9eXNwb3J0cztjaD0yMzM2O2NyPTE7Y3c9MTc5MDtkeD04NTc7ZHk9MDtmaT11bGNyb3A7aD02MDtxPTEwMDt3PTQ2/https://s.yimg.com/xe/i/us/sp/v/nhl_cutout/players_l/10112024/7066.png"
"453.p.8885","Guenther","Dylan","453.l.82957.t.4","Bad habits","Available","","RW","RW","https://s.yimg.com/iu/api/res/1.2/khFt5CLDbQv2tjpTagt3pg--~C/YXBwaWQ9eXNwb3J0cztjaD0yMzM2O2NyPTE7Y3c9MTc5MDtkeD04NTc7ZHk9MDtmaT11bGNyb3A7aD02MDtxPTEwMDt3PTQ2/https://s.yimg.com/xe/i/us/sp/v/nhl_cutout/players_l/11012024/8885.png"
"453.p.6756","DeBrusk","Jake","453.l.82957.t.4","Bad habits","Available","","RW","LW,RW","https://s.yimg.com/iu/api/res/1.2/cxtCi5XHs72Od.qBsYeg.A--~C/YXBwaWQ9eXNwb3J0cztjaD0yMzM2O2NyPTE7Y3c9MTc5MDtkeD04NTc7ZHk9MDtmaT11bGNyb3A7aD02MDtxPTEwMDt3PTQ2/https://s.yimg.com/xe/i/us/sp/v/nhl_cutout/players_l/10042024/6756.png"
"453.p.6795","Andersson","Rasmus","453.l.82957.t.4","Bad habits","Available","","D","D","https://s.yimg.com/iu/api/res/1.2/c4lL2SDwsW3w4vvB5ynUUA--~C/YXBwaWQ9eXNwb3J0cztjaD0yMzM2O2NyPTE7Y3c9MTc5MDtkeD04NTc7ZHk9MDtmaT11bGNyb3A7aD02MDtxPTEwMDt3PTQ2/https://s.yimg.com/xe/i/us/sp/v/nhl_cutout/players_l/10112024/6795.png"
"453.p.5685","Rielly","Morgan","453.l.82957.t.4","Bad habits","Available","","D","D","https://s.yimg.com/iu/api/res/1.2/BrHFRLJ28DvXaq5bwfrrUw--~C/YXBwaWQ9eXNwb3J0cztjaD0yMzM2O2NyPTE7Y3c9MTc5MDtkeD04NTc7ZHk9MDtmaT11bGNyb3A7aD02MDtxPTEwMDt3PTQ2/https://s.yimg.com/xe/i/us/sp/v/nhl_cutout/players_l/10262023/5685.png"
"453.p.4930","Josi","Roman","453.l.82957.t.4","Bad habits","Available","","D","D","https://s.yimg.com/iu/api/res/1.2/Vizkkf79Sj.ue8mOtQ3JmQ--~C/YXBwaWQ9eXNwb3J0cztjaD0yMzM2O2NyPTE7Y3c9MTc5MDtkeD04NTc7ZHk9MDtmaT11bGNyb3A7aD02MDtxPTEwMDt3PTQ2/https://s.yimg.com/xe/i/us/sp/v/nhl_cutout/players_l/10102023/4930.png"
"453.p.7125","Fabbro","Dante","453.l.82957.t.4","Bad habits","Available","","D","D","https://s.yimg.com/iu/api/res/1.2/kdOr_2o2mzbbfBe5PcIJOA--~C/YXBwaWQ9eXNwb3J0cztjaD0yMzM2O2NyPTE7Y3c9MTc5MDtkeD04NTc7ZHk9MDtmaT11bGNyb3A7aD02MDtxPTEwMDt3PTQ2/https://s.yimg.com/xe/i/us/sp/v/nhl_cutout/players_l/12022024/7125.png"
"453.p.6746","Marner","Mitch","453.l.82957.t.4","Bad habits","Available","","BN","RW","https://s.yimg.com/iu/api/res/1.2/MItPYo5LWinIRUjlx06QIw--~C/YXBwaWQ9eXNwb3J0cztjaD0yMzM2O2NyPTE7Y3c9MTc5MDtkeD04NTc7ZHk9MDtmaT11bGNyb3A7aD02MDtxPTEwMDt3PTQ2/https://s.yimg.com/xe/i/us/sp/v/nhl_cutout/players_l/10242022/6746.png"
"453.p.5769","Gostisbehere","Shayne","453.l.82957.t.4","Bad habits","Available","","BN","D","https://s.yimg.com/iu/api/res/1.2/G0pHTlIhLEXb5u8GknI1Sw--~C/YXBwaWQ9eXNwb3J0cztjaD0yMzM2O2NyPTE7Y3c9MTc5MDtkeD04NTc7ZHk9MDtmaT11bGNyb3A7aD02MDtxPTEwMDt3PTQ2/https://s.yimg.com/xe/i/us/sp/v/nhl_cutout/players_l/10112024/5769.png"
"453.p.8290","Boldy","Matt","453.l.82957.t.4","Bad habits","Available","","BN","LW,RW","https://s.yimg.com/iu/api/res/1.2/jKwQ9jvG0kHwy.T4LpPgeg--~C/YXBwaWQ9eXNwb3J0cztjaD0yMzM2O2NyPTE7Y3c9MTc5MDtkeD04NTc7ZHk9MDtmaT11bGNyb3A7aD02MDtxPTEwMDt3PTQ2/https://s.yimg.com/xe/i/us/sp/v/nhl_cutout/players_l/10162024/8290.png"
"453.p.30544","Bedard","Connor","453.l.82957.t.4","Bad habits","Available","","BN","C","https://s.yimg.com/iu/api/res/1.2/bHOAHMF_gE65ZFCNFRw24w--~C/YXBwaWQ9eXNwb3J0cztjaD0yMzM2O2NyPTE7Y3c9MTc5MDtkeD04NTc7ZHk9MDtmaT11bGNyb3A7aD02MDtxPTEwMDt3PTQ2/https://s.yimg.com/xe/i/us/sp/v/nhl_cutout/players_l/10042024/30544.1.png"
"453.p.7170","Woll","Joseph","453.l.82957.t.4","Bad habits","Available","","G","G","https://s.yimg.com/iu/api/res/1.2/Gtaq6J8Y.HkwY6igOKXWtQ--~C/YXBwaWQ9eXNwb3J0cztjaD0yMzM2O2NyPTE7Y3c9MTc5MDtkeD04NTc7ZHk9MDtmaT11bGNyb3A7aD02MDtxPTEwMDt3PTQ2/https://s.yimg.com/xe/i/us/sp/v/nhl_cutout/players_l/10042024/7170.png"
"453.p.5734","Stolarz","Anthony","453.l.82957.t.4","Bad habits","Available","","G","G","https://s.yimg.com/iu/api/res/1.2/VA3ctV95gZUuvAXl04c3mg--~C/YXBwaWQ9eXNwb3J0cztjaD0yMzM2O2NyPTE7Y3c9MTc5MDtkeD04NTc7ZHk9MDtmaT11bGNyb3A7aD02MDtxPTEwMDt3PTQ2/https://s.yimg.com/xe/i/us/sp/v/nhl_cutout/players_l/10042024/5734.png"
"453.p.4472","Doughty","Drew","453.l.82957.t.4","Bad habits","Injured","IR-LT - Ankle","IR","D,IR","https://s.yimg.com/iu/api/res/1.2/mW7sAaojJpJWjV.diAfDvw--~C/YXBwaWQ9eXNwb3J0cztjaD0yMzM2O2NyPTE7Y3c9MTc5MDtkeD04NTc7ZHk9MDtmaT11bGNyb3A7aD02MDtxPTEwMDt3PTQ2/https://s.yimg.com/xe/i/us/sp/v/nhl_cutout/players_l/10102024/4472.png"
"453.p.7902","Tkachuk","Brady","453.l.82957.t.5","Micah's Majestic Team","Available","","C","C,LW","https://s.yimg.com/iu/api/res/1.2/hXKFAoykaTVb2ydGvnnUYQ--~C/YXBwaWQ9eXNwb3J0cztjaD0yMzM2O2NyPTE7Y3c9MTc5MDtkeD04NTc7ZHk9MDtmaT11bGNyb3A7aD02MDtxPTEwMDt3PTQ2/https://s.yimg.com/xe/i/us/sp/v/nhl_cutout/players_l/10162024/7902.png"
"453.p.6448","Point","Brayden","453.l.82957.t.5","Micah's Majestic Team","Available","","C","C","https://s.yimg.com/iu/api/res/1.2/la56vNt4gPnXXPMzx.bERA--~C/YXBwaWQ9eXNwb3J0cztjaD0yMzM2O2NyPTE7Y3c9MTc5MDtkeD04NTc7ZHk9MDtmaT11bGNyb3A7aD02MDtxPTEwMDt3PTQ2/https://s.yimg.com/xe/i/us/sp/v/nhl_cutout/players_l/10182024/6448.png"
"453.p.6766","Konecny","Travis","453.l.82957.t.5","Micah's Majestic Team","Available","","LW","LW,RW","https://s.yimg.com/iu/api/res/1.2/JZswh2eNThXP5XyLtBE05A--~C/YXBwaWQ9eXNwb3J0cztjaD0yMzM2O2NyPTE7Y3c9MTc5MDtkeD04NTc7ZHk9MDtmaT11bGNyb3A7aD02MDtxPTEwMDt3PTQ2/https://s.yimg.com/xe/i/us/sp/v/nhl_cutout/players_l/10182024/6766.png"
"453.p.4351","Marchand","Brad","453.l.82957.t.5","Micah's Majestic Team","Available","","LW","LW","https://s.yimg.com/iu/api/res/1.2/5nnviHNWwp.kZyMiEBpSGA--~C/YXBwaWQ9eXNwb3J0cztjaD0yMzM2O2NyPTE7Y3c9MTc5MDtkeD04NTc7ZHk9MDtmaT11bGNyb3A7aD02MDtxPTEwMDt3PTQ2/https://s.yimg.com/xe/i/us/sp/v/nhl_cutout/players_l/10102024/4351.png"
"453.p.6035","Lehkonen","Artturi","453.l.82957.t.5","Micah's Majestic Team","Available","","RW","LW,RW","https://s.yimg.com/iu/api/res/1.2/m3Z3VZj71oBCWFx1FgX_Wg--~C/YXBwaWQ9eXNwb3J0cztjaD0yMzM2O2NyPTE7Y3c9MTc5MDtkeD04NTc7ZHk9MDtmaT11bGNyb3A7aD02MDtxPTEwMDt3PTQ2/https://s.yimg.com/xe/i/us/sp/v/nhl_cutout/players_l/10122022/6035.png"
"453.p.6765","Boeser","Brock","453.l.82957.t.5","Micah's Majestic Team","Available","","RW","RW","https://s.yimg.com/iu/api/res/1.2/jdfSZoa3OfBy7syLqCPbNg--~C/YXBwaWQ9eXNwb3J0cztjaD0yMzM2O2NyPTE7Y3c9MTc5MDtkeD04NTc7ZHk9MDtmaT11bGNyb3A7aD02MDtxPTEwMDt3PTQ2/https://s.yimg.com/xe/i/us/sp/v/nhl_cutout/players_l/10132023/6765.png"
"453.p.5370","Hamilton","Dougie","453.l.82957.t.5","Micah's Majestic Team","Available","","D","D","https://s.yimg.com/iu/api/res/1.2/eoW4gYsG2Br5dRghWYt1.g--~C/YXBwaWQ9eXNwb3J0cztjaD0yMzM2O2NyPTE7Y3c9MTc5MDtkeD04NTc7ZHk9MDtmaT11bGNyb3A7aD02MDtxPTEwMDt3PTQ2/https://s.yimg.com/xe/i/us/sp/v/nhl_cutout/players_l/10152024/5370.png"
"453.p.6424","Montour","Brandon","453.l.82957.t.5","Micah's Majestic Team","Available","","D","D","https://s.yimg.com/iu/api/res/1.2/NXfpfNlc5cEV49kHVJAd0g--~C/YXBwaWQ9eXNwb3J0cztjaD0yMzM2O2NyPTE7Y3c9MTc5MDtkeD04NTc7ZHk9MDtmaT11bGNyb3A7aD02MDtxPTEwMDt3PTQ2/https://s.yimg.com/xe/i/us/sp/v/nhl_cutout/players_l/07022024/6424.png"
"453.p.3358","Burns","Brent","453.l.82957.t.5","Micah's Majestic Team","Available","","D","D","https://s.yimg.com/iu/api/res/1.2/Pz0STjc5z5Vdsn3OgkSVnw--~C/YXBwaWQ9eXNwb3J0cztjaD0yMzM2O2NyPTE7Y3c9MTc5MDtkeD04NTc7ZHk9MDtmaT11bGNyb3A7aD02MDtxPTEwMDt3PTQ2/https://s.yimg.com/xe/i/us/sp/v/nhl_cutout/players_l/10112024/3358.png"
"453.p.4064","Letang","Kris","453.l.82957.t.5","Micah's Majestic Team","Available","","D","D","https://s.yimg.com/iu/api/res/1.2/Ujudbw800NpKEaENm5rv_g--~C/YXBwaWQ9eXNwb3J0cztjaD0yMzM2O2NyPTE7Y3c9MTc5MDtkeD04NTc7ZHk9MDtmaT11bGNyb3A7aD02MDtxPTEwMDt3PTQ2/https://s.yimg.com/xe/i/us/sp/v/nhl_cutout/players_l/10182024/4064.png"
"453.p.3788","Kopitar","Anze","453.l.82957.t.5","Micah's Majestic Team","Available","","BN","C","https://s.yimg.com/iu/api/res/1.2/JYY5ctg98qH3czGlPpRu6g--~C/YXBwaWQ9eXNwb3J0cztjaD0yMzM2O2NyPTE7Y3c9MTc5MDtkeD04NTc7ZHk9MDtmaT11bGNyb3A7aD02MDtxPTEwMDt3PTQ2/https://s.yimg.com/xe/i/us/sp/v/nhl_cutout/players_l/10172024/3788.png"
"453.p.4967","Skinner","Jeff","453.l.82957.t.5","Micah's Majestic Team","Available","","BN","LW","https://s.yimg.com/iu/api/res/1.2/nDgJPHg5KYgpGIzCcrToEg--~C/YXBwaWQ9eXNwb3J0cztjaD0yMzM2O2NyPTE7Y3c9MTc5MDtkeD04NTc7ZHk9MDtmaT11bGNyb3A7aD02MDtxPTEwMDt3PTQ2/https://s.yimg.com/xe/i/us/sp/v/nhl_cutout/players_l/10042024/4967.png"
"453.p.5425","Kucherov","Nikita","453.l.82957.t.5","Micah's Majestic Team","Available","","BN","RW","https://s.yimg.com/iu/api/res/1.2/j_.0uAtR255xKvX_j9XwlA--~C/YXBwaWQ9eXNwb3J0cztjaD0yMzM2O2NyPTE7Y3c9MTc5MDtkeD04NTc7ZHk9MDtmaT11bGNyb3A7aD02MDtxPTEwMDt3PTQ2/https://s.yimg.com/xe/i/us/sp/v/nhl_cutout/players_l/10182024/5425.png"
"453.p.5114","Mrazek","Petr","453.l.82957.t.5","Micah's Majestic Team","Injured","IR - Groin","G","G,IR","https://s.yimg.com/iu/api/res/1.2/a5RlSq5G5qcTcWtVft2QKQ--~C/YXBwaWQ9eXNwb3J0cztjaD0yMzM2O2NyPTE7Y3c9MTc5MDtkeD04NTc7ZHk9MDtmaT11bGNyb3A7aD02MDtxPTEwMDt3PTQ2/https://s.yimg.com/xe/i/us/sp/v/nhl_cutout/players_l/10092024/5114.png"
"453.p.4003","Varlamov","Semyon","453.l.82957.t.5","Micah's Majestic Team","Out","O - Lower Body","G","G","https://s.yimg.com/iu/api/res/1.2/F_mKJRWtJB6JihBGeqr.kQ--~C/YXBwaWQ9eXNwb3J0cztjaD0yMzM2O2NyPTE7Y3c9MTc5MDtkeD04NTc7ZHk9MDtmaT11bGNyb3A7aD02MDtxPTEwMDt3PTQ2/https://s.yimg.com/xe/i/us/sp/v/nhl_cutout/players_l/10142024/4003.png"
"453.p.5161","Andersen","Frederik","453.l.82957.t.5","Micah's Majestic Team","Out","O - Knee","BN","G","https://s.yimg.com/iu/api/res/1.2/k_a3rm_oCUTeWnMucTB6hQ--~C/YXBwaWQ9eXNwb3J0cztjaD0yMzM2O2NyPTE7Y3c9MTc5MDtkeD04NTc7ZHk9MDtmaT11bGNyb3A7aD02MDtxPTEwMDt3PTQ2/https://s.yimg.com/xe/i/us/sp/v/nhl_cutout/players_l/10112024/5161.png"
"453.p.5336","Kuemper","Darcy","453.l.82957.t.5","Micah's Majestic Team","Available","","IR","G","https://s.yimg.com/iu/api/res/1.2/mSxEbwbeq0Q4LloorpSfDQ--~C/YXBwaWQ9eXNwb3J0cztjaD0yMzM2O2NyPTE7Y3c9MTc5MDtkeD04NTc7ZHk9MDtmaT11bGNyb3A7aD02MDtxPTEwMDt3PTQ2/https://s.yimg.com/xe/i/us/sp/v/nhl_cutout/players_l/10172024/5336.png"
"453.p.6777","Aho","Sebastian","453.l.82957.t.6","Cameron with the good fur","Available","","C","C","https://s.yimg.com/iu/api/res/1.2/vfGl._mvv55geom01kyJ2g--~C/YXBwaWQ9eXNwb3J0cztjaD0yMzM2O2NyPTE7Y3c9MTc5MDtkeD04NTc7ZHk9MDtmaT11bGNyb3A7aD02MDtxPTEwMDt3PTQ2/https://s.yimg.com/xe/i/us/sp/v/nhl_cutout/players_l/10022024/6777.png"
"453.p.5981","Barkov","Aleksander","453.l.82957.t.6","Cameron with the good fur","Available","","C","C","https://s.yimg.com/iu/api/res/1.2/CD0jK6GUZSrwIVuxPuHbSA--~C/YXBwaWQ9eXNwb3J0cztjaD0yMzM2O2NyPTE7Y3c9MTc5MDtkeD04NTc7ZHk9MDtmaT11bGNyb3A7aD02MDtxPTEwMDt3PTQ2/https://s.yimg.com/xe/i/us/sp/v/nhl_cutout/players_l/10142024/5981.png"
"453.p.7545","Tolvanen","Eeli","453.l.82957.t.6","Cameron with the good fur","Available","","LW","LW,RW","https://s.yimg.com/iu/api/res/1.2/JJZi_uvZzohDExcLcXbHcw--~C/YXBwaWQ9eXNwb3J0cztjaD0yMzM2O2NyPTE7Y3c9MTc5MDtkeD04NTc7ZHk9MDtmaT11bGNyb3A7aD02MDtxPTEwMDt3PTQ2/https://s.yimg.com/xe/i/us/sp/v/nhl_cutout/players_l/10152024/7545.png"
"453.p.5946","Haula","Erik","453.l.82957.t.6","Cameron with the good fur","Available","","LW","C,LW","https://s.yimg.com/iu/api/res/1.2/KrgFQQJq136nlGTbbkSnIw--~C/YXBwaWQ9eXNwb3J0cztjaD0yMzM2O2NyPTE7Y3c9MTc5MDtkeD04NTc7ZHk9MDtmaT11bGNyb3A7aD02MDtxPTEwMDt3PTQ2/https://s.yimg.com/xe/i/us/sp/v/nhl_cutout/players_l/10152024/5946.png"
"453.p.6752","Rantanen","Mikko","453.l.82957.t.6","Cameron with the good fur","Available","","RW","RW","https://s.yimg.com/iu/api/res/1.2/CgCK.ViFce_0P0i3TSZLJg--~C/YXBwaWQ9eXNwb3J0cztjaD0yMzM2O2NyPTE7Y3c9MTc5MDtkeD04NTc7ZHk9MDtmaT11bGNyb3A7aD02MDtxPTEwMDt3PTQ2/https://s.yimg.com/xe/i/us/sp/v/nhl_cutout/players_l/11072023/6752.png"
"453.p.8280","Kakko","Kaapo","453.l.82957.t.6","Cameron with the good fur","Available","","RW","RW","https://s.yimg.com/iu/api/res/1.2/ScU4ug9d3yZEnpDmcvEEMg--~C/YXBwaWQ9eXNwb3J0cztjaD0yMzM2O2NyPTE7Y3c9MTc5MDtkeD04NTc7ZHk9MDtmaT11bGNyb3A7aD02MDtxPTEwMDt3PTQ2/https://s.yimg.com/xe/i/us/sp/v/nhl_cutout/players_l/10182024/8280.png"
"453.p.7518","Heiskanen","Miro","453.l.82957.t.6","Cameron with the good fur","Available","","D","D","https://s.yimg.com/iu/api/res/1.2/qrXNq5dr5lj2Y1Thu0_MSA--~C/YXBwaWQ9eXNwb3J0cztjaD0yMzM2O2NyPTE7Y3c9MTc5MDtkeD04NTc7ZHk9MDtmaT11bGNyb3A7aD02MDtxPTEwMDt3PTQ2/https://s.yimg.com/xe/i/us/sp/v/nhl_cutout/players_l/10112024/7518.png"
"453.p.5765","Lindell","Esa","453.l.82957.t.6","Cameron with the good fur","Available","","D","D","https://s.yimg.com/iu/api/res/1.2/6XhTGRRHcPhGAMiCGCoTcw--~C/YXBwaWQ9eXNwb3J0cztjaD0yMzM2O2NyPTE7Y3c9MTc5MDtkeD04NTc7ZHk9MDtmaT11bGNyb3A7aD02MDtxPTEwMDt3PTQ2/https://s.yimg.com/xe/i/us/sp/v/nhl_cutout/players_l/10112024/5765.png"
"453.p.6869","Mikkola","Niko","453.l.82957.t.6","Cameron with the good fur","Available","","D","D","https://s.yimg.com/iu/api/res/1.2/zMqGrFlsVmEB4C1zbjE6SQ--~C/YXBwaWQ9eXNwb3J0cztjaD0yMzM2O2NyPTE7Y3c9MTc5MDtkeD04NTc7ZHk9MDtmaT11bGNyb3A7aD02MDtxPTEwMDt3PTQ2/https://s.yimg.com/xe/i/us/sp/v/nhl_cutout/players_l/10142024/6869.png"
"453.p.5987","Ristolainen","Rasmus","453.l.82957.t.6","Cameron with the good fur","Available","","D","D","https://s.yimg.com/iu/api/res/1.2/cYg6lAccioeO0q0RKv6ujg--~C/YXBwaWQ9eXNwb3J0cztjaD0yMzM2O2NyPTE7Y3c9MTc5MDtkeD04NTc7ZHk9MDtmaT11bGNyb3A7aD02MDtxPTEwMDt3PTQ2/https://s.yimg.com/xe/i/us/sp/v/nhl_cutout/players_l/10182024/5987.png"
"453.p.4969","Granlund","Mikael","453.l.82957.t.6","Cameron with the good fur","Available","","BN","C,LW,RW","https://s.yimg.com/iu/api/res/1.2/rW7bNFzHD9xGsmhlziYWIQ--~C/YXBwaWQ9eXNwb3J0cztjaD0yMzM2O2NyPTE7Y3c9MTc5MDtkeD04NTc7ZHk9MDtmaT11bGNyb3A7aD02MDtxPTEwMDt3PTQ2/https://s.yimg.com/xe/i/us/sp/v/nhl_cutout/players_l/10162024/4969.png"
"453.p.7110","Laine","Patrik","453.l.82957.t.6","Cameron with the good fur","Available","","BN","LW","https://s.yimg.com/iu/api/res/1.2/PijRHpUKwEPs1BYL5QxbyA--~C/YXBwaWQ9eXNwb3J0cztjaD0yMzM2O2NyPTE7Y3c9MTc5MDtkeD04NTc7ZHk9MDtmaT11bGNyb3A7aD02MDtxPTEwMDt3PTQ2/https://s.yimg.com/xe/i/us/sp/v/nhl_cutout/players_l/10042024/7110.png"
"453.p.8652","Lundell","Anton","453.l.82957.t.6","Cameron with the good fur","Available","","BN","C,RW","https://s.yimg.com/iu/api/res/1.2/y2fQiJspwLsJkVlXlniAsg--~C/YXBwaWQ9eXNwb3J0cztjaD0yMzM2O2NyPTE7Y3c9MTc5MDtkeD04NTc7ZHk9MDtmaT11bGNyb3A7aD02MDtxPTEwMDt3PTQ2/https://s.yimg.com/xe/i/us/sp/v/nhl_cutout/players_l/10142024/8652.png"
"453.p.6078","Saros","Juuse","453.l.82957.t.6","Cameron with the good fur","Available","","G","G","https://s.yimg.com/iu/api/res/1.2/uI29_eYXfAnGYQMQU7hVjA--~C/YXBwaWQ9eXNwb3J0cztjaD0yMzM2O2NyPTE7Y3c9MTc5MDtkeD04NTc7ZHk9MDtmaT11bGNyb3A7aD02MDtxPTEwMDt3PTQ2/https://s.yimg.com/xe/i/us/sp/v/nhl_cutout/players_l/10102023/6078.png"
"453.p.7886","Lankinen","Kevin","453.l.82957.t.6","Cameron with the good fur","Available","","G","G","https://s.yimg.com/iu/api/res/1.2/.T6jPT55jUKxlJI_SiQXCw--~C/YXBwaWQ9eXNwb3J0cztjaD0yMzM2O2NyPTE7Y3c9MTc5MDtkeD04NTc7ZHk9MDtmaT11bGNyb3A7aD02MDtxPTEwMDt3PTQ2/https://s.yimg.com/xe/i/us/sp/v/nhl_cutout/players_l/10042024/7886.png"
"453.p.7569","Luukkonen","Ukko-Pekka","453.l.82957.t.6","Cameron with the good fur","Available","","BN","G","https://s.yimg.com/iu/api/res/1.2/Lwy0Z2iRU0WNAGYUUE3AUw--~C/YXBwaWQ9eXNwb3J0cztjaD0yMzM2O2NyPTE7Y3c9MTc5MDtkeD04NTc7ZHk9MDtmaT11bGNyb3A7aD02MDtxPTEwMDt3PTQ2/https://s.yimg.com/xe/i/us/sp/v/nhl_cutout/players_l/10022024/7569.png"
"453.p.5077","Hakanpaa","Jani","453.l.82957.t.6","Cameron with the good fur","Injured","IR - Knee","IR","D,IR","https://s.yimg.com/iu/api/res/1.2/mGqFC7XnXc29C3bbZHce8A--~C/YXBwaWQ9eXNwb3J0cztjaD0yMzM2O2NyPTE7Y3c9MTc5MDtkeD04NTc7ZHk9MDtmaT11bGNyb3A7aD02MDtxPTEwMDt3PTQ2/https://s.yimg.com/xe/i/us/sp/v/nhl_cutout/players_l/07032024/5077.png"
"453.p.5368","Scheifele","Mark","453.l.82957.t.7","Fighting Forsbergs","Available","","C","C","https://s.yimg.com/iu/api/res/1.2/nqU_gEMPQ8_0bDhG0858Sw--~C/YXBwaWQ9eXNwb3J0cztjaD0yMzM2O2NyPTE7Y3c9MTc5MDtkeD04NTc7ZHk9MDtmaT11bGNyb3A7aD02MDtxPTEwMDt3PTQ2/https://s.yimg.com/xe/i/us/sp/v/nhl_cutout/players_l/10212022/5368.png"
"453.p.8279","Hughes","Jack","453.l.82957.t.7","Fighting Forsbergs","Available","","C","C,LW","https://s.yimg.com/iu/api/res/1.2/mHI..TdFk0eouZyxyfU0Gw--~C/YXBwaWQ9eXNwb3J0cztjaD0yMzM2O2NyPTE7Y3c9MTc5MDtkeD04NTc7ZHk9MDtmaT11bGNyb3A7aD02MDtxPTEwMDt3PTQ2/https://s.yimg.com/xe/i/us/sp/v/nhl_cutout/players_l/10152024/8279.png"
"453.p.6390","McCann","Jared","453.l.82957.t.7","Fighting Forsbergs","Available","","LW","C,LW","https://s.yimg.com/iu/api/res/1.2/GLtZ.QFze7meNfaSMPBrpQ--~C/YXBwaWQ9eXNwb3J0cztjaD0yMzM2O2NyPTE7Y3c9MTc5MDtkeD04NTc7ZHk9MDtmaT11bGNyb3A7aD02MDtxPTEwMDt3PTQ2/https://s.yimg.com/xe/i/us/sp/v/nhl_cutout/players_l/10152024/6390.png"
"453.p.6728","Panarin","Artemi","453.l.82957.t.7","Fighting Forsbergs","Available","","LW","LW","https://s.yimg.com/iu/api/res/1.2/p_2f2N3vv7D8WtgsEuJBkw--~C/YXBwaWQ9eXNwb3J0cztjaD0yMzM2O2NyPTE7Y3c9MTc5MDtkeD04NTc7ZHk9MDtmaT11bGNyb3A7aD02MDtxPTEwMDt3PTQ2/https://s.yimg.com/xe/i/us/sp/v/nhl_cutout/players_l/10182024/6728.png"
"453.p.7264","Hagel","Brandon","453.l.82957.t.7","Fighting Forsbergs","Available","","RW","LW,RW","https://s.yimg.com/iu/api/res/1.2/a4Tpkm1ONt7Uxsp2cW.2ng--~C/YXBwaWQ9eXNwb3J0cztjaD0yMzM2O2NyPTE7Y3c9MTc5MDtkeD04NTc7ZHk9MDtmaT11bGNyb3A7aD02MDtxPTEwMDt3PTQ2/https://s.yimg.com/xe/i/us/sp/v/nhl_cutout/players_l/10182024/7264.png"
"453.p.6751","Meier","Timo","453.l.82957.t.7","Fighting Forsbergs","Available","","RW","LW,RW","https://s.yimg.com/iu/api/res/1.2/NlhsqkHdzk5cVtOUXqxQhg--~C/YXBwaWQ9eXNwb3J0cztjaD0yMzM2O2NyPTE7Y3c9MTc5MDtkeD04NTc7ZHk9MDtmaT11bGNyb3A7aD02MDtxPTEwMDt3PTQ2/https://s.yimg.com/xe/i/us/sp/v/nhl_cutout/players_l/10152024/6751.png"
"453.p.6005","Theodore","Shea","453.l.82957.t.7","Fighting Forsbergs","Available","","D","D","https://s.yimg.com/iu/api/res/1.2/Iq_MerLbM4MewJqhRZfWZw--~C/YXBwaWQ9eXNwb3J0cztjaD0yMzM2O2NyPTE7Y3c9MTc5MDtkeD04NTc7ZHk9MDtmaT11bGNyb3A7aD02MDtxPTEwMDt3PTQ2/https://s.yimg.com/xe/i/us/sp/v/nhl_cutout/players_l/10162024/6005.png"
"453.p.6750","Werenski","Zach","453.l.82957.t.7","Fighting Forsbergs","Available","","D","D","https://s.yimg.com/iu/api/res/1.2/J9ohxclRLLz.usrUZ83LOw--~C/YXBwaWQ9eXNwb3J0cztjaD0yMzM2O2NyPTE7Y3c9MTc5MDtkeD04NTc7ZHk9MDtmaT11bGNyb3A7aD02MDtxPTEwMDt3PTQ2/https://s.yimg.com/xe/i/us/sp/v/nhl_cutout/players_l/10102024/6750.png"
"453.p.5992","Morrissey","Josh","453.l.82957.t.7","Fighting Forsbergs","Available","","D","D","https://s.yimg.com/iu/api/res/1.2/ZcFk4GAVpSJKf9q_gq8BZg--~C/YXBwaWQ9eXNwb3J0cztjaD0yMzM2O2NyPTE7Y3c9MTc5MDtkeD04NTc7ZHk9MDtmaT11bGNyb3A7aD02MDtxPTEwMDt3PTQ2/https://s.yimg.com/xe/i/us/sp/v/nhl_cutout/players_l/10172024/5992.png"
"453.p.7124","Chychrun","Jakob","453.l.82957.t.7","Fighting Forsbergs","Available","","D","D","https://s.yimg.com/iu/api/res/1.2/p0PpC1C4ztL_hr0ohNVgvQ--~C/YXBwaWQ9eXNwb3J0cztjaD0yMzM2O2NyPTE7Y3c9MTc5MDtkeD04NTc7ZHk9MDtmaT11bGNyb3A7aD02MDtxPTEwMDt3PTQ2/https://s.yimg.com/xe/i/us/sp/v/nhl_cutout/players_l/10042024/7124.png"
"453.p.6791","Hintz","Roope","453.l.82957.t.7","Fighting Forsbergs","Available","","BN","C","https://s.yimg.com/iu/api/res/1.2/.U996EkQrhahWf.4weLvKQ--~C/YXBwaWQ9eXNwb3J0cztjaD0yMzM2O2NyPTE7Y3c9MTc5MDtkeD04NTc7ZHk9MDtmaT11bGNyb3A7aD02MDtxPTEwMDt3PTQ2/https://s.yimg.com/xe/i/us/sp/v/nhl_cutout/players_l/10112024/6791.png"
"453.p.5985","Monahan","Sean","453.l.82957.t.7","Fighting Forsbergs","Available","","BN","C","https://s.yimg.com/iu/api/res/1.2/iQOXFwEPQS7dcYs9jcYBHg--~C/YXBwaWQ9eXNwb3J0cztjaD0yMzM2O2NyPTE7Y3c9MTc5MDtkeD04NTc7ZHk9MDtmaT11bGNyb3A7aD02MDtxPTEwMDt3PTQ2/https://s.yimg.com/xe/i/us/sp/v/nhl_cutout/players_l/10022024/5985.png"
"453.p.6057","Guentzel","Jake","453.l.82957.t.7","Fighting Forsbergs","Available","","BN","LW","https://s.yimg.com/iu/api/res/1.2/QNEihQKy5aYseHL8Fz4TMg--~C/YXBwaWQ9eXNwb3J0cztjaD0yMzM2O2NyPTE7Y3c9MTc5MDtkeD04NTc7ZHk9MDtmaT11bGNyb3A7aD02MDtxPTEwMDt3PTQ2/https://s.yimg.com/xe/i/us/sp/v/nhl_cutout/players_l/10032024/6057.png"
"453.p.7541","Oettinger","Jake","453.l.82957.t.7","Fighting Forsbergs","Available","","G","G","https://s.yimg.com/iu/api/res/1.2/ZobV0ABvLQtAkhgBbvtpJA--~C/YXBwaWQ9eXNwb3J0cztjaD0yMzM2O2NyPTE7Y3c9MTc5MDtkeD04NTc7ZHk9MDtmaT11bGNyb3A7aD02MDtxPTEwMDt3PTQ2/https://s.yimg.com/xe/i/us/sp/v/nhl_cutout/players_l/10032024/7541.png"
"453.p.7593","Skinner","Stuart","453.l.82957.t.7","Fighting Forsbergs","Available","","G","G","https://s.yimg.com/iu/api/res/1.2/eMb86um1ewDS0_th8a6G8Q--~C/YXBwaWQ9eXNwb3J0cztjaD0yMzM2O2NyPTE7Y3c9MTc5MDtkeD04NTc7ZHk9MDtmaT11bGNyb3A7aD02MDtxPTEwMDt3PTQ2/https://s.yimg.com/xe/i/us/sp/v/nhl_cutout/players_l/10172024/7593.png"
"453.p.8871","Soderblom","Arvid","453.l.82957.t.7","Fighting Forsbergs","Available","","BN","G","https://s.yimg.com/iu/api/res/1.2/S2ZYA7WlWZ9j_aZxVJeKAA--~C/YXBwaWQ9eXNwb3J0cztjaD0yMzM2O2NyPTE7Y3c9MTc5MDtkeD04NTc7ZHk9MDtmaT11bGNyb3A7aD02MDtxPTEwMDt3PTQ2/https://s.yimg.com/xe/i/us/sp/v/nhl_cutout/players_l/10092024/8871.png"
"453.p.3737","Crosby","Sidney","453.l.82957.t.8","Los Luchadores del Hielo","Available","","C","C","https://s.yimg.com/iu/api/res/1.2/kG08DqNrOQRlY_Kj23bQkg--~C/YXBwaWQ9eXNwb3J0cztjaD0yMzM2O2NyPTE7Y3c9MTc5MDtkeD04NTc7ZHk9MDtmaT11bGNyb3A7aD02MDtxPTEwMDt3PTQ2/https://s.yimg.com/xe/i/us/sp/v/nhl_cutout/players_l/10182024/3737.png"
"453.p.6743","McDavid","Connor","453.l.82957.t.8","Los Luchadores del Hielo","Available","","C","C","https://s.yimg.com/iu/api/res/1.2/Vi2STEG2H6m97EJTQCrX_w--~C/YXBwaWQ9eXNwb3J0cztjaD0yMzM2O2NyPTE7Y3c9MTc5MDtkeD04NTc7ZHk9MDtmaT11bGNyb3A7aD02MDtxPTEwMDt3PTQ2/https://s.yimg.com/xe/i/us/sp/v/nhl_cutout/players_l/10172024/6743.png"
"453.p.6377","Fiala","Kevin","453.l.82957.t.8","Los Luchadores del Hielo","Available","","LW","LW","https://s.yimg.com/iu/api/res/1.2/u8LUP4nM1ikAkcl9oeaogQ--~C/YXBwaWQ9eXNwb3J0cztjaD0yMzM2O2NyPTE7Y3c9MTc5MDtkeD04NTc7ZHk9MDtmaT11bGNyb3A7aD02MDtxPTEwMDt3PTQ2/https://s.yimg.com/xe/i/us/sp/v/nhl_cutout/players_l/10172024/6377.png"
"453.p.6707","Vatrano","Frank","453.l.82957.t.8","Los Luchadores del Hielo","Available","","LW","C,LW","https://s.yimg.com/iu/api/res/1.2/d3k1.4RJi6M_KX.6yPp2Dg--~C/YXBwaWQ9eXNwb3J0cztjaD0yMzM2O2NyPTE7Y3c9MTc5MDtkeD04NTc7ZHk9MDtmaT11bGNyb3A7aD02MDtxPTEwMDt3PTQ2/https://s.yimg.com/xe/i/us/sp/v/nhl_cutout/players_l/10092024/6707.png"
"453.p.6384","Tuch","Alex","453.l.82957.t.8","Los Luchadores del Hielo","Available","","RW","RW","https://s.yimg.com/iu/api/res/1.2/YVbNwmXLK0Ok5R7ObvLTsw--~C/YXBwaWQ9eXNwb3J0cztjaD0yMzM2O2NyPTE7Y3c9MTc5MDtkeD04NTc7ZHk9MDtmaT11bGNyb3A7aD02MDtxPTEwMDt3PTQ2/https://s.yimg.com/xe/i/us/sp/v/nhl_cutout/players_l/10102024/6384.png"
"453.p.8898","Johnston","Wyatt","453.l.82957.t.8","Los Luchadores del Hielo","Available","","RW","C,RW","https://s.yimg.com/iu/api/res/1.2/ZN4hAcXvxfFLgxqc7ndYuw--~C/YXBwaWQ9eXNwb3J0cztjaD0yMzM2O2NyPTE7Y3c9MTc5MDtkeD04NTc7ZHk9MDtmaT11bGNyb3A7aD02MDtxPTEwMDt3PTQ2/https://s.yimg.com/xe/i/us/sp/v/nhl_cutout/players_l/10112024/8898.png"
"453.p.6476","Toews","Devon","453.l.82957.t.8","Los Luchadores del Hielo","Available","","D","D","https://s.yimg.com/iu/api/res/1.2/fO5Bnqr3po_qzPE8DD1lCQ--~C/YXBwaWQ9eXNwb3J0cztjaD0yMzM2O2NyPTE7Y3c9MTc5MDtkeD04NTc7ZHk9MDtmaT11bGNyb3A7aD02MDtxPTEwMDt3PTQ2/https://s.yimg.com/xe/i/us/sp/v/nhl_cutout/players_l/11072023/6476.png"
"453.p.32764","Levshunov","Artyom","453.l.82957.t.8","Los Luchadores del Hielo","NotAvailable","NA","D","D","https://s.yimg.com/iu/api/res/1.2/FMME8lF9VKtidAipbSbSJQ--~C/YXBwaWQ9eXNwb3J0cztjaD0yMzM2O2NyPTE7Y3c9MTc5MDtkeD04NTc7ZHk9MDtmaT11bGNyb3A7aD02MDtxPTEwMDt3PTQ2/https://s.yimg.com/xe/i/us/sp/v/nhl_cutout/players_l/10072024/32764.png"
"453.p.6760","Chabot","Thomas","453.l.82957.t.8","Los Luchadores del Hielo","Available","","D","D","https://s.yimg.com/iu/api/res/1.2/ZOVNX8fa2FVFawpipbTKzg--~C/YXBwaWQ9eXNwb3J0cztjaD0yMzM2O2NyPTE7Y3c9MTc5MDtkeD04NTc7ZHk9MDtmaT11bGNyb3A7aD02MDtxPTEwMDt3PTQ2/https://s.yimg.com/xe/i/us/sp/v/nhl_cutout/players_l/10162024/6760.png"
"453.p.7905","Hughes","Quinn","453.l.82957.t.8","Los Luchadores del Hielo","Available","","D","D","https://s.yimg.com/iu/api/res/1.2/qlz9m3YQA_e5IEWT1e8KqA--~C/YXBwaWQ9eXNwb3J0cztjaD0yMzM2O2NyPTE7Y3c9MTc5MDtkeD04NTc7ZHk9MDtmaT11bGNyb3A7aD02MDtxPTEwMDt3PTQ2/https://s.yimg.com/xe/i/us/sp/v/nhl_cutout/players_l/10132023/7905.png"
"453.p.6062","Verhaeghe","Carter","453.l.82957.t.8","Los Luchadores del Hielo","Available","","BN","C,LW","https://s.yimg.com/iu/api/res/1.2/eeftQEqefH8YRyhBUuDnAA--~C/YXBwaWQ9eXNwb3J0cztjaD0yMzM2O2NyPTE7Y3c9MTc5MDtkeD04NTc7ZHk9MDtmaT11bGNyb3A7aD02MDtxPTEwMDt3PTQ2/https://s.yimg.com/xe/i/us/sp/v/nhl_cutout/players_l/10142024/6062.png"
"453.p.5712","Marchessault","Jonathan","453.l.82957.t.8","Los Luchadores del Hielo","Available","","BN","RW","https://s.yimg.com/iu/api/res/1.2/0OtV42.O8L5dhrDBCOF52g--~C/YXBwaWQ9eXNwb3J0cztjaD0yMzM2O2NyPTE7Y3c9MTc5MDtkeD04NTc7ZHk9MDtmaT11bGNyb3A7aD02MDtxPTEwMDt3PTQ2/https://s.yimg.com/xe/i/us/sp/v/nhl_cutout/players_l/10072024/5712.png"
"453.p.30075","Faber","Brock","453.l.82957.t.8","Los Luchadores del Hielo","Available","","BN","D","https://s.yimg.com/iu/api/res/1.2/9nS9eyqvbpucnY5ybcprkg--~C/YXBwaWQ9eXNwb3J0cztjaD0yMzM2O2NyPTE7Y3c9MTc5MDtkeD04NTc7ZHk9MDtmaT11bGNyb3A7aD02MDtxPTEwMDt3PTQ2/https://s.yimg.com/xe/i/us/sp/v/nhl_cutout/players_l/10162024/30075.png"
"453.p.7525","Tippett","Owen","453.l.82957.t.8","Los Luchadores del Hielo","Available","","BN","LW,RW","https://s.yimg.com/iu/api/res/1.2/Hm6KAeYSvp6PYNpHNCNk_w--~C/YXBwaWQ9eXNwb3J0cztjaD0yMzM2O2NyPTE7Y3c9MTc5MDtkeD04NTc7ZHk9MDtmaT11bGNyb3A7aD02MDtxPTEwMDt3PTQ2/https://s.yimg.com/xe/i/us/sp/v/nhl_cutout/players_l/10182024/7525.png"
"453.p.8314","Kochetkov","Pyotr","453.l.82957.t.8","Los Luchadores del Hielo","Available","","G","G","https://s.yimg.com/iu/api/res/1.2/4E.gkg8cOb6rY394ljOG2g--~C/YXBwaWQ9eXNwb3J0cztjaD0yMzM2O2NyPTE7Y3c9MTc5MDtkeD04NTc7ZHk9MDtmaT11bGNyb3A7aD02MDtxPTEwMDt3PTQ2/https://s.yimg.com/xe/i/us/sp/v/nhl_cutout/players_l/10112024/8314.png"
"453.p.4854","Talbot","Cam","453.l.82957.t.8","Los Luchadores del Hielo","Out","O - Lower Body","G","G","https://s.yimg.com/iu/api/res/1.2/WhUwnnp1aoWVy64nsfbBqg--~C/YXBwaWQ9eXNwb3J0cztjaD0yMzM2O2NyPTE7Y3c9MTc5MDtkeD04NTc7ZHk9MDtmaT11bGNyb3A7aD02MDtxPTEwMDt3PTQ2/https://s.yimg.com/xe/i/us/sp/v/nhl_cutout/players_l/10042024/4854.png"
"453.p.4681","Tavares","John","453.l.82957.t.9","Bardowny Woodpeckers","Available","","C","C","https://s.yimg.com/iu/api/res/1.2/Ia.3TaUacpARAnu9qrLLcg--~C/YXBwaWQ9eXNwb3J0cztjaD0yMzM2O2NyPTE7Y3c9MTc5MDtkeD04NTc7ZHk9MDtmaT11bGNyb3A7aD02MDtxPTEwMDt3PTQ2/https://s.yimg.com/xe/i/us/sp/v/nhl_cutout/players_l/10262023/4681.png"
"453.p.5988","Horvat","Bo","453.l.82957.t.9","Bardowny Woodpeckers","Available","","C","C","https://s.yimg.com/iu/api/res/1.2/Mt74D4cdFcrjvpFvkYqsPg--~C/YXBwaWQ9eXNwb3J0cztjaD0yMzM2O2NyPTE7Y3c9MTc5MDtkeD04NTc7ZHk9MDtmaT11bGNyb3A7aD02MDtxPTEwMDt3PTQ2/https://s.yimg.com/xe/i/us/sp/v/nhl_cutout/players_l/10142024/5988.png"
"453.p.8643","Stutzle","Tim","453.l.82957.t.9","Bardowny Woodpeckers","Available","","LW","C,LW","https://s.yimg.com/iu/api/res/1.2/7yabIRd0A_dDpHF6lIGmCA--~C/YXBwaWQ9eXNwb3J0cztjaD0yMzM2O2NyPTE7Y3c9MTc5MDtkeD04NTc7ZHk9MDtmaT11bGNyb3A7aD02MDtxPTEwMDt3PTQ2/https://s.yimg.com/xe/i/us/sp/v/nhl_cutout/players_l/10162024/8643.png"
"453.p.4519","Benn","Jamie","453.l.82957.t.9","Bardowny Woodpeckers","Available","","LW","LW","https://s.yimg.com/iu/api/res/1.2/1QUJvNuZEPA6QnvSWRBBjg--~C/YXBwaWQ9eXNwb3J0cztjaD0yMzM2O2NyPTE7Y3c9MTc5MDtkeD04NTc7ZHk9MDtmaT11bGNyb3A7aD02MDtxPTEwMDt3PTQ2/https://s.yimg.com/xe/i/us/sp/v/nhl_cutout/players_l/10112024/4519.png"
"453.p.4683","Duchene","Matt","453.l.82957.t.9","Bardowny Woodpeckers","Available","","RW","C,RW","https://s.yimg.com/iu/api/res/1.2/J32NdV9OIoSyWjyNzvCaMQ--~C/YXBwaWQ9eXNwb3J0cztjaD0yMzM2O2NyPTE7Y3c9MTc5MDtkeD04NTc7ZHk9MDtmaT11bGNyb3A7aD02MDtxPTEwMDt3PTQ2/https://s.yimg.com/xe/i/us/sp/v/nhl_cutout/players_l/10032024/4683.png"
"453.p.7900","Svechnikov","Andrei","453.l.82957.t.9","Bardowny Woodpeckers","Available","","RW","LW,RW","https://s.yimg.com/iu/api/res/1.2/ze4OkGZgIEMpUbk7H.QZnA--~C/YXBwaWQ9eXNwb3J0cztjaD0yMzM2O2NyPTE7Y3c9MTc5MDtkeD04NTc7ZHk9MDtmaT11bGNyb3A7aD02MDtxPTEwMDt3PTQ2/https://s.yimg.com/xe/i/us/sp/v/nhl_cutout/players_l/10112024/7900.png"
"453.p.5810","Slavin","Jaccob","453.l.82957.t.9","Bardowny Woodpeckers","Available","","D","D","https://s.yimg.com/iu/api/res/1.2/SkKu8Bo8NHcKOb9MeVNVVg--~C/YXBwaWQ9eXNwb3J0cztjaD0yMzM2O2NyPTE7Y3c9MTc5MDtkeD04NTc7ZHk9MDtmaT11bGNyb3A7aD02MDtxPTEwMDt3PTQ2/https://s.yimg.com/xe/i/us/sp/v/nhl_cutout/players_l/10022024/5810.png"
"453.p.5686","Lindholm","Hampus","453.l.82957.t.9","Bardowny Woodpeckers","Injured","IR - Lower Body","D","D,IR","https://s.yimg.com/iu/api/res/1.2/sCBKKWEtevJj_Qx3hRc3LA--~C/YXBwaWQ9eXNwb3J0cztjaD0yMzM2O2NyPTE7Y3c9MTc5MDtkeD04NTc7ZHk9MDtmaT11bGNyb3A7aD02MDtxPTEwMDt3PTQ2/https://s.yimg.com/xe/i/us/sp/v/nhl_cutout/players_l/10102024/5686.png"
"453.p.4682","Hedman","Victor","453.l.82957.t.9","Bardowny Woodpeckers","Available","","D","D","https://s.yimg.com/iu/api/res/1.2/G.lh9pY0adTJLKFhuN6fWw--~C/YXBwaWQ9eXNwb3J0cztjaD0yMzM2O2NyPTE7Y3c9MTc5MDtkeD04NTc7ZHk9MDtmaT11bGNyb3A7aD02MDtxPTEwMDt3PTQ2/https://s.yimg.com/xe/i/us/sp/v/nhl_cutout/players_l/10072024/4682.png"
"453.p.6798","Dunn","Vince","453.l.82957.t.9","Bardowny Woodpeckers","Available","","D","D","https://s.yimg.com/iu/api/res/1.2/WwmY1EFZJNqKTEHMO83u1g--~C/YXBwaWQ9eXNwb3J0cztjaD0yMzM2O2NyPTE7Y3c9MTc5MDtkeD04NTc7ZHk9MDtmaT11bGNyb3A7aD02MDtxPTEwMDt3PTQ2/https://s.yimg.com/xe/i/us/sp/v/nhl_cutout/players_l/10152024/6798.png"
"453.p.4491","Karlsson","Erik","453.l.82957.t.9","Bardowny Woodpeckers","Available","","BN","D","https://s.yimg.com/iu/api/res/1.2/b9lIMhffSTuJSFSzUwc5Qw--~C/YXBwaWQ9eXNwb3J0cztjaD0yMzM2O2NyPTE7Y3c9MTc5MDtkeD04NTc7ZHk9MDtmaT11bGNyb3A7aD02MDtxPTEwMDt3PTQ2/https://s.yimg.com/xe/i/us/sp/v/nhl_cutout/players_l/10182024/4491.png"
"453.p.6391","Pastrnak","David","453.l.82957.t.9","Bardowny Woodpeckers","Available","","BN","RW","https://s.yimg.com/iu/api/res/1.2/Psv_XEcFpeytY_tbQmnIzA--~C/YXBwaWQ9eXNwb3J0cztjaD0yMzM2O2NyPTE7Y3c9MTc5MDtkeD04NTc7ZHk9MDtmaT11bGNyb3A7aD02MDtxPTEwMDt3PTQ2/https://s.yimg.com/xe/i/us/sp/v/nhl_cutout/players_l/10102024/6391.png"
"453.p.8641","Lafreniere","Alexis","453.l.82957.t.9","Bardowny Woodpeckers","Available","","BN","LW,RW","https://s.yimg.com/iu/api/res/1.2/FQGE9yWCxL47d6XRfJp0_Q--~C/YXBwaWQ9eXNwb3J0cztjaD0yMzM2O2NyPTE7Y3c9MTc5MDtkeD04NTc7ZHk9MDtmaT11bGNyb3A7aD02MDtxPTEwMDt3PTQ2/https://s.yimg.com/xe/i/us/sp/v/nhl_cutout/players_l/10182024/8641.png"
"453.p.7626","Swayman","Jeremy","453.l.82957.t.9","Bardowny Woodpeckers","Available","","G","G","https://s.yimg.com/iu/api/res/1.2/tjKBD4sQRdcEEd6EAz7f4g--~C/YXBwaWQ9eXNwb3J0cztjaD0yMzM2O2NyPTE7Y3c9MTc5MDtkeD04NTc7ZHk9MDtmaT11bGNyb3A7aD02MDtxPTEwMDt3PTQ2/https://s.yimg.com/xe/i/us/sp/v/nhl_cutout/players_l/10122023/7626.png"
"453.p.6941","Daccord","Joey","453.l.82957.t.9","Bardowny Woodpeckers","Out","O - Illness","G","G","https://s.yimg.com/iu/api/res/1.2/LMyjmBFCuRLoQ4FVMZu2PQ--~C/YXBwaWQ9eXNwb3J0cztjaD0yMzM2O2NyPTE7Y3c9MTc5MDtkeD04NTc7ZHk9MDtmaT11bGNyb3A7aD02MDtxPTEwMDt3PTQ2/https://s.yimg.com/xe/i/us/sp/v/nhl_cutout/players_l/10152024/6941.png"
"453.p.6486","Shesterkin","Igor","453.l.82957.t.9","Bardowny Woodpeckers","Out","O - Personal","BN","G","https://s.yimg.com/iu/api/res/1.2/5WkuEWRBZ3facfyQNSKKIw--~C/YXBwaWQ9eXNwb3J0cztjaD0yMzM2O2NyPTE7Y3c9MTc5MDtkeD04NTc7ZHk9MDtmaT11bGNyb3A7aD02MDtxPTEwMDt3PTQ2/https://s.yimg.com/xe/i/us/sp/v/nhl_cutout/players_l/10182024/6486.png"
"453.p.5980","MacKinnon","Nathan","453.l.82957.t.10","Don't Cry I Was Olli Jokinen","Available","","C","C","https://s.yimg.com/iu/api/res/1.2/OPpXx0IgV7iUZkfplmxirQ--~C/YXBwaWQ9eXNwb3J0cztjaD0yMzM2O2NyPTE7Y3c9MTc5MDtkeD04NTc7ZHk9MDtmaT11bGNyb3A7aD02MDtxPTEwMDt3PTQ2/https://s.yimg.com/xe/i/us/sp/v/nhl_cutout/players_l/11072023/5980.png"
"453.p.30832","Cooley","Logan","453.l.82957.t.10","Don't Cry I Was Olli Jokinen","Available","","C","C","https://s.yimg.com/iu/api/res/1.2/FPsJe4coT4DCnNgPTdF0QA--~C/YXBwaWQ9eXNwb3J0cztjaD0yMzM2O2NyPTE7Y3c9MTc5MDtkeD04NTc7ZHk9MDtmaT11bGNyb3A7aD02MDtxPTEwMDt3PTQ2/https://s.yimg.com/xe/i/us/sp/v/nhl_cutout/players_l/11012024/30832.png"
"453.p.8303","McMichael","Connor","453.l.82957.t.10","Don't Cry I Was Olli Jokinen","Available","","LW","C,LW","https://s.yimg.com/iu/api/res/1.2/zgA9HlgDfzEdvTw7Nqs0Eg--~C/YXBwaWQ9eXNwb3J0cztjaD0yMzM2O2NyPTE7Y3c9MTc5MDtkeD04NTc7ZHk9MDtmaT11bGNyb3A7aD02MDtxPTEwMDt3PTQ2/https://s.yimg.com/xe/i/us/sp/v/nhl_cutout/players_l/10042024/8303.png"
"453.p.5928","Lee","Anders","453.l.82957.t.10","Don't Cry I Was Olli Jokinen","Available","","LW","LW","https://s.yimg.com/iu/api/res/1.2/V7JoiwnmrOrvWu3eOZycbA--~C/YXBwaWQ9eXNwb3J0cztjaD0yMzM2O2NyPTE7Y3c9MTc5MDtkeD04NTc7ZHk9MDtmaT11bGNyb3A7aD02MDtxPTEwMDt3PTQ2/https://s.yimg.com/xe/i/us/sp/v/nhl_cutout/players_l/10142024/5928.png"
"453.p.6368","Reinhart","Sam","453.l.82957.t.10","Don't Cry I Was Olli Jokinen","Available","","RW","C,RW","https://s.yimg.com/iu/api/res/1.2/3VnrjirJZN.1OkwA6UMrDg--~C/YXBwaWQ9eXNwb3J0cztjaD0yMzM2O2NyPTE7Y3c9MTc5MDtkeD04NTc7ZHk9MDtmaT11bGNyb3A7aD02MDtxPTEwMDt3PTQ2/https://s.yimg.com/xe/i/us/sp/v/nhl_cutout/players_l/10022024/6368.png"
"453.p.6375","Ehlers","Nikolaj","453.l.82957.t.10","Don't Cry I Was Olli Jokinen","Injured","IR - Lower Body","RW","LW,RW,IR","https://s.yimg.com/iu/api/res/1.2/CmBt1ItLSSaYXsDavwFEGw--~C/YXBwaWQ9eXNwb3J0cztjaD0yMzM2O2NyPTE7Y3c9MTc5MDtkeD04NTc7ZHk9MDtmaT11bGNyb3A7aD02MDtxPTEwMDt3PTQ2/https://s.yimg.com/xe/i/us/sp/v/nhl_cutout/players_l/10172024/6375.png"
"453.p.7908","Bouchard","Evan","453.l.82957.t.10","Don't Cry I Was Olli Jokinen","Available","","D","D","https://s.yimg.com/iu/api/res/1.2/GgES9nV3JBBHFv.F2VzF6g--~C/YXBwaWQ9eXNwb3J0cztjaD0yMzM2O2NyPTE7Y3c9MTc5MDtkeD04NTc7ZHk9MDtmaT11bGNyb3A7aD02MDtxPTEwMDt3PTQ2/https://s.yimg.com/xe/i/us/sp/v/nhl_cutout/players_l/10172024/7908.png"
"453.p.6576","Middleton","Jake","453.l.82957.t.10","Don't Cry I Was Olli Jokinen","Available","","D","D","https://s.yimg.com/iu/api/res/1.2/OoDjY.X5m2o7yVxy85ue3A--~C/YXBwaWQ9eXNwb3J0cztjaD0yMzM2O2NyPTE7Y3c9MTc5MDtkeD04NTc7ZHk9MDtmaT11bGNyb3A7aD02MDtxPTEwMDt3PTQ2/https://s.yimg.com/xe/i/us/sp/v/nhl_cutout/players_l/10162024/6576.png"
"453.p.8884","Clarke","Brandt","453.l.82957.t.10","Don't Cry I Was Olli Jokinen","Available","","D","D","https://s.yimg.com/iu/api/res/1.2/zhuHVCglFPje3hXM0x8Ehw--~C/YXBwaWQ9eXNwb3J0cztjaD0yMzM2O2NyPTE7Y3c9MTc5MDtkeD04NTc7ZHk9MDtmaT11bGNyb3A7aD02MDtxPTEwMDt3PTQ2/https://s.yimg.com/xe/i/us/sp/v/nhl_cutout/players_l/10172024/8884.png"
"453.p.7174","Fox","Adam","453.l.82957.t.10","Don't Cry I Was Olli Jokinen","Available","","D","D","https://s.yimg.com/iu/api/res/1.2/H1s5dvoUUnk8e4ccXh0b8g--~C/YXBwaWQ9eXNwb3J0cztjaD0yMzM2O2NyPTE7Y3c9MTc5MDtkeD04NTc7ZHk9MDtmaT11bGNyb3A7aD02MDtxPTEwMDt3PTQ2/https://s.yimg.com/xe/i/us/sp/v/nhl_cutout/players_l/10182024/7174.png"
"453.p.5020","Toffoli","Tyler","453.l.82957.t.10","Don't Cry I Was Olli Jokinen","Available","","BN","LW,RW","https://s.yimg.com/iu/api/res/1.2/bWUhRD8Nd6G1.aBSVk548g--~C/YXBwaWQ9eXNwb3J0cztjaD0yMzM2O2NyPTE7Y3c9MTc5MDtkeD04NTc7ZHk9MDtmaT11bGNyb3A7aD02MDtxPTEwMDt3PTQ2/https://s.yimg.com/xe/i/us/sp/v/nhl_cutout/players_l/10082024/5020.png"
"453.p.8883","Eklund","William","453.l.82957.t.10","Don't Cry I Was Olli Jokinen","Available","","BN","LW","https://s.yimg.com/iu/api/res/1.2/bO2DWlUxLQHKXv0GiQ5W_A--~C/YXBwaWQ9eXNwb3J0cztjaD0yMzM2O2NyPTE7Y3c9MTc5MDtkeD04NTc7ZHk9MDtmaT11bGNyb3A7aD02MDtxPTEwMDt3PTQ2/https://s.yimg.com/xe/i/us/sp/v/nhl_cutout/players_l/10162024/8883.png"
"453.p.5254","Orlov","Dmitry","453.l.82957.t.10","Don't Cry I Was Olli Jokinen","Available","","BN","D","https://s.yimg.com/iu/api/res/1.2/KhthSwEObgzePAs.VWJChA--~C/YXBwaWQ9eXNwb3J0cztjaD0yMzM2O2NyPTE7Y3c9MTc5MDtkeD04NTc7ZHk9MDtmaT11bGNyb3A7aD02MDtxPTEwMDt3PTQ2/https://s.yimg.com/xe/i/us/sp/v/nhl_cutout/players_l/10112024/5254.png"
"453.p.6814","Cirelli","Anthony","453.l.82957.t.10","Don't Cry I Was Olli Jokinen","Questionable","DTD - Undisclosed","BN","C","https://s.yimg.com/iu/api/res/1.2/1_8okbbjigjAwwEGIxy7lg--~C/YXBwaWQ9eXNwb3J0cztjaD0yMzM2O2NyPTE7Y3c9MTc5MDtkeD04NTc7ZHk9MDtmaT11bGNyb3A7aD02MDtxPTEwMDt3PTQ2/https://s.yimg.com/xe/i/us/sp/v/nhl_cutout/players_l/10182024/6814.png"
"453.p.4947","Markstrom","Jacob","453.l.82957.t.10","Don't Cry I Was Olli Jokinen","Available","","G","G","https://s.yimg.com/iu/api/res/1.2/5w7M9fUrSnNfs3iMh_3E4A--~C/YXBwaWQ9eXNwb3J0cztjaD0yMzM2O2NyPTE7Y3c9MTc5MDtkeD04NTc7ZHk9MDtmaT11bGNyb3A7aD02MDtxPTEwMDt3PTQ2/https://s.yimg.com/xe/i/us/sp/v/nhl_cutout/players_l/10152024/4947.png"
"453.p.8489","Wolf","Dustin","453.l.82957.t.10","Don't Cry I Was Olli Jokinen","Available","","G","G","https://s.yimg.com/iu/api/res/1.2/aZw4PhcirteaccyZTU_Z5w--~C/YXBwaWQ9eXNwb3J0cztjaD0yMzM2O2NyPTE7Y3c9MTc5MDtkeD04NTc7ZHk9MDtmaT11bGNyb3A7aD02MDtxPTEwMDt3PTQ2/https://s.yimg.com/xe/i/us/sp/v/nhl_cutout/players_l/10022024/8489.png"
"453.p.5984","Lindholm","Elias","453.l.82957.t.11","Jim Posac Fan Club","Available","","C","C","https://s.yimg.com/iu/api/res/1.2/.cBhl3SoBT13uHwmnfM_0Q--~C/YXBwaWQ9eXNwb3J0cztjaD0yMzM2O2NyPTE7Y3c9MTc5MDtkeD04NTc7ZHk9MDtmaT11bGNyb3A7aD02MDtxPTEwMDt3PTQ2/https://s.yimg.com/xe/i/us/sp/v/nhl_cutout/players_l/07022024/5984.png"
"453.p.4687","Kadri","Nazem","453.l.82957.t.11","Jim Posac Fan Club","Available","","C","C","https://s.yimg.com/iu/api/res/1.2/5lWfCYZ6hOSAcH0jBnCqYg--~C/YXBwaWQ9eXNwb3J0cztjaD0yMzM2O2NyPTE7Y3c9MTc5MDtkeD04NTc7ZHk9MDtmaT11bGNyb3A7aD02MDtxPTEwMDt3PTQ2/https://s.yimg.com/xe/i/us/sp/v/nhl_cutout/players_l/10112024/4687.png"
"453.p.5691","Forsberg","Filip","453.l.82957.t.11","Jim Posac Fan Club","Available","","LW","LW","https://s.yimg.com/iu/api/res/1.2/pLH3tF1g2AEo0HzfucCFtA--~C/YXBwaWQ9eXNwb3J0cztjaD0yMzM2O2NyPTE7Y3c9MTc5MDtkeD04NTc7ZHk9MDtmaT11bGNyb3A7aD02MDtxPTEwMDt3PTQ2/https://s.yimg.com/xe/i/us/sp/v/nhl_cutout/players_l/10282022/5691.png"
"453.p.7520","Pettersson","Elias","453.l.82957.t.11","Jim Posac Fan Club","Available","","LW","C,LW","https://s.yimg.com/iu/api/res/1.2/y7hPzy2S1Fc5Tf9hr6bD0A--~C/YXBwaWQ9eXNwb3J0cztjaD0yMzM2O2NyPTE7Y3c9MTc5MDtkeD04NTc7ZHk9MDtmaT11bGNyb3A7aD02MDtxPTEwMDt3PTQ2/https://s.yimg.com/xe/i/us/sp/v/nhl_cutout/players_l/10132023/7520.png"
"453.p.7143","Kyrou","Jordan","453.l.82957.t.11","Jim Posac Fan Club","Available","","RW","C,RW","https://s.yimg.com/iu/api/res/1.2/UpfOHctTDbQoMNxLtXbZeg--~C/YXBwaWQ9eXNwb3J0cztjaD0yMzM2O2NyPTE7Y3c9MTc5MDtkeD04NTc7ZHk9MDtmaT11bGNyb3A7aD02MDtxPTEwMDt3PTQ2/https://s.yimg.com/xe/i/us/sp/v/nhl_cutout/players_l/10102024/7143.png"
"453.p.7115","Keller","Clayton","453.l.82957.t.11","Jim Posac Fan Club","Available","","RW","LW,RW","https://s.yimg.com/iu/api/res/1.2/5GV1cdzCXZ08436HBua._w--~C/YXBwaWQ9eXNwb3J0cztjaD0yMzM2O2NyPTE7Y3c9MTc5MDtkeD04NTc7ZHk9MDtmaT11bGNyb3A7aD02MDtxPTEwMDt3PTQ2/https://s.yimg.com/xe/i/us/sp/v/nhl_cutout/players_l/11012024/7115.png"
"453.p.5986","Nurse","Darnell","453.l.82957.t.11","Jim Posac Fan Club","Available","","D","D","https://s.yimg.com/iu/api/res/1.2/p4WEbLzDBns54AxK0Z1nwA--~C/YXBwaWQ9eXNwb3J0cztjaD0yMzM2O2NyPTE7Y3c9MTc5MDtkeD04NTc7ZHk9MDtmaT11bGNyb3A7aD02MDtxPTEwMDt3PTQ2/https://s.yimg.com/xe/i/us/sp/v/nhl_cutout/players_l/10172024/5986.png"
"453.p.5703","Matheson","Mike","453.l.82957.t.11","Jim Posac Fan Club","Available","","D","D","https://s.yimg.com/iu/api/res/1.2/suPI2ElrygHLku.rP8WQpA--~C/YXBwaWQ9eXNwb3J0cztjaD0yMzM2O2NyPTE7Y3c9MTc5MDtkeD04NTc7ZHk9MDtmaT11bGNyb3A7aD02MDtxPTEwMDt3PTQ2/https://s.yimg.com/xe/i/us/sp/v/nhl_cutout/players_l/11282023/5703.png"
"453.p.4503","Carlson","John","453.l.82957.t.11","Jim Posac Fan Club","Available","","D","D","https://s.yimg.com/iu/api/res/1.2/FR3YbXjvIDrxZrBPRretCA--~C/YXBwaWQ9eXNwb3J0cztjaD0yMzM2O2NyPTE7Y3c9MTc5MDtkeD04NTc7ZHk9MDtmaT11bGNyb3A7aD02MDtxPTEwMDt3PTQ2/https://s.yimg.com/xe/i/us/sp/v/nhl_cutout/players_l/10052023/4503.png"
"453.p.5777","Parayko","Colton","453.l.82957.t.11","Jim Posac Fan Club","Available","","D","D","https://s.yimg.com/iu/api/res/1.2/toIaLZKsQtMGMqW6ZzEIZw--~C/YXBwaWQ9eXNwb3J0cztjaD0yMzM2O2NyPTE7Y3c9MTc5MDtkeD04NTc7ZHk9MDtmaT11bGNyb3A7aD02MDtxPTEwMDt3PTQ2/https://s.yimg.com/xe/i/us/sp/v/nhl_cutout/players_l/10102024/5777.png"
"453.p.6381","Larkin","Dylan","453.l.82957.t.11","Jim Posac Fan Club","Available","","BN","C","https://s.yimg.com/iu/api/res/1.2/lTXIr.sqIRqtEK4Up7UCKA--~C/YXBwaWQ9eXNwb3J0cztjaD0yMzM2O2NyPTE7Y3c9MTc5MDtkeD04NTc7ZHk9MDtmaT11bGNyb3A7aD02MDtxPTEwMDt3PTQ2/https://s.yimg.com/xe/i/us/sp/v/nhl_cutout/players_l/11172023/6381.png"
"453.p.8293","Caufield","Cole","453.l.82957.t.11","Jim Posac Fan Club","Available","","BN","LW,RW","https://s.yimg.com/iu/api/res/1.2/ZT4KWu6t_0sYdRFjseibuw--~C/YXBwaWQ9eXNwb3J0cztjaD0yMzM2O2NyPTE7Y3c9MTc5MDtkeD04NTc7ZHk9MDtmaT11bGNyb3A7aD02MDtxPTEwMDt3PTQ2/https://s.yimg.com/xe/i/us/sp/v/nhl_cutout/players_l/10282022/8293.png"
"453.p.7899","Dahlin","Rasmus","453.l.82957.t.11","Jim Posac Fan Club","Questionable","DTD - Back","BN","D","https://s.yimg.com/iu/api/res/1.2/KJ1NQMvhKx8LaAZGsawYuw--~C/YXBwaWQ9eXNwb3J0cztjaD0yMzM2O2NyPTE7Y3c9MTc5MDtkeD04NTc7ZHk9MDtmaT11bGNyb3A7aD02MDtxPTEwMDt3PTQ2/https://s.yimg.com/xe/i/us/sp/v/nhl_cutout/players_l/10102024/7899.png"
"453.p.5820","Hellebuyck","Connor","453.l.82957.t.11","Jim Posac Fan Club","Available","","G","G","https://s.yimg.com/iu/api/res/1.2/YiuTe.6j1Wdxsb22vljmOw--~C/YXBwaWQ9eXNwb3J0cztjaD0yMzM2O2NyPTE7Y3c9MTc5MDtkeD04NTc7ZHk9MDtmaT11bGNyb3A7aD02MDtxPTEwMDt3PTQ2/https://s.yimg.com/xe/i/us/sp/v/nhl_cutout/players_l/10172024/5820.png"
"453.p.5853","Ullmark","Linus","453.l.82957.t.11","Jim Posac Fan Club","Available","","G","G","https://s.yimg.com/iu/api/res/1.2/3K75CvOQVxnAZr_uViRdtA--~C/YXBwaWQ9eXNwb3J0cztjaD0yMzM2O2NyPTE7Y3c9MTc5MDtkeD04NTc7ZHk9MDtmaT11bGNyb3A7aD02MDtxPTEwMDt3PTQ2/https://s.yimg.com/xe/i/us/sp/v/nhl_cutout/players_l/10162024/5853.png"
"453.p.6818","Hill","Adin","453.l.82957.t.11","Jim Posac Fan Club","Available","","BN","G","https://s.yimg.com/iu/api/res/1.2/NyxBHk7FW9BvM5KT5T2yeg--~C/YXBwaWQ9eXNwb3J0cztjaD0yMzM2O2NyPTE7Y3c9MTc5MDtkeD04NTc7ZHk9MDtmaT11bGNyb3A7aD02MDtxPTEwMDt3PTQ2/https://s.yimg.com/xe/i/us/sp/v/nhl_cutout/players_l/10162024/6818.png"
"453.p.6405","Demko","Thatcher","453.l.82957.t.11","Jim Posac Fan Club","Available","","IR","G","https://s.yimg.com/iu/api/res/1.2/pVZe09GV3dQE5YNg80FoAg--~C/YXBwaWQ9eXNwb3J0cztjaD0yMzM2O2NyPTE7Y3c9MTc5MDtkeD04NTc7ZHk9MDtmaT11bGNyb3A7aD02MDtxPTEwMDt3PTQ2/https://s.yimg.com/xe/i/us/sp/v/nhl_cutout/players_l/10132023/6405.png"
"453.p.7535","Thomas","Robert","453.l.82957.t.12","Woonsocket Woozles","Available","","C","C","https://s.yimg.com/iu/api/res/1.2/X8hIiyvTRF5JQbf1IJP79A--~C/YXBwaWQ9eXNwb3J0cztjaD0yMzM2O2NyPTE7Y3c9MTc5MDtkeD04NTc7ZHk9MDtmaT11bGNyb3A7aD02MDtxPTEwMDt3PTQ2/https://s.yimg.com/xe/i/us/sp/v/nhl_cutout/players_l/10302023/7535.png"
"453.p.7516","Hischier","Nico","453.l.82957.t.12","Woonsocket Woozles","Available","","C","C","https://s.yimg.com/iu/api/res/1.2/kJ7njdRhP6UINRtGavflsQ--~C/YXBwaWQ9eXNwb3J0cztjaD0yMzM2O2NyPTE7Y3c9MTc5MDtkeD04NTc7ZHk9MDtmaT11bGNyb3A7aD02MDtxPTEwMDt3PTQ2/https://s.yimg.com/xe/i/us/sp/v/nhl_cutout/players_l/10152024/7516.png"
"453.p.5989","Nichushkin","Valeri","453.l.82957.t.12","Woonsocket Woozles","Available","","LW","LW,RW","https://s.yimg.com/iu/api/res/1.2/MXL8dQpTKcvRvuF4jvU.5g--~C/YXBwaWQ9eXNwb3J0cztjaD0yMzM2O2NyPTE7Y3c9MTc5MDtkeD04NTc7ZHk9MDtmaT11bGNyb3A7aD02MDtxPTEwMDt3PTQ2/https://s.yimg.com/xe/i/us/sp/v/nhl_cutout/players_l/11072023/5989.png"
"453.p.8881","Johnson","Kent","453.l.82957.t.12","Woonsocket Woozles","Available","","LW","C,LW,RW","https://s.yimg.com/iu/api/res/1.2/GqBn4AW1idLGLi7wPMZ7Ow--~C/YXBwaWQ9eXNwb3J0cztjaD0yMzM2O2NyPTE7Y3c9MTc5MDtkeD04NTc7ZHk9MDtmaT11bGNyb3A7aD02MDtxPTEwMDt3PTQ2/https://s.yimg.com/xe/i/us/sp/v/nhl_cutout/players_l/10022024/8881.png"
"453.p.7526","Vilardi","Gabriel","453.l.82957.t.12","Woonsocket Woozles","Available","","RW","C,RW","https://s.yimg.com/iu/api/res/1.2/jp9P0l.MX7ab4_GxsevkQg--~C/YXBwaWQ9eXNwb3J0cztjaD0yMzM2O2NyPTE7Y3c9MTc5MDtkeD04NTc7ZHk9MDtmaT11bGNyb3A7aD02MDtxPTEwMDt3PTQ2/https://s.yimg.com/xe/i/us/sp/v/nhl_cutout/players_l/10172024/7526.png"
"453.p.7947","Marchenko","Kirill","453.l.82957.t.12","Woonsocket Woozles","Available","","RW","RW","https://s.yimg.com/iu/api/res/1.2/NBLmS_tcRd6XbOpBp9gZ2w--~C/YXBwaWQ9eXNwb3J0cztjaD0yMzM2O2NyPTE7Y3c9MTc5MDtkeD04NTc7ZHk9MDtmaT11bGNyb3A7aD02MDtxPTEwMDt3PTQ2/https://s.yimg.com/xe/i/us/sp/v/nhl_cutout/players_l/10022024/7947.png"
"453.p.7519","Makar","Cale","453.l.82957.t.12","Woonsocket Woozles","Available","","D","D","https://s.yimg.com/iu/api/res/1.2/HojauYFZ0EVvlSUVKzEdOA--~C/YXBwaWQ9eXNwb3J0cztjaD0yMzM2O2NyPTE7Y3c9MTc5MDtkeD04NTc7ZHk9MDtmaT11bGNyb3A7aD02MDtxPTEwMDt3PTQ2/https://s.yimg.com/xe/i/us/sp/v/nhl_cutout/players_l/11072023/7519.png"
"453.p.8909","Zellweger","Olen","453.l.82957.t.12","Woonsocket Woozles","Available","","D","D","https://s.yimg.com/iu/api/res/1.2/8licD5A9pT1OnmhJRvpnvg--~C/YXBwaWQ9eXNwb3J0cztjaD0yMzM2O2NyPTE7Y3c9MTc5MDtkeD04NTc7ZHk9MDtmaT11bGNyb3A7aD02MDtxPTEwMDt3PTQ2/https://s.yimg.com/xe/i/us/sp/v/nhl_cutout/players_l/10092024/8909.png"
"453.p.5232","Spurgeon","Jared","453.l.82957.t.12","Woonsocket Woozles","Available","","D","D","https://s.yimg.com/iu/api/res/1.2/cX.wj6EhU1u2cc_cm23xiw--~C/YXBwaWQ9eXNwb3J0cztjaD0yMzM2O2NyPTE7Y3c9MTc5MDtkeD04NTc7ZHk9MDtmaT11bGNyb3A7aD02MDtxPTEwMDt3PTQ2/https://s.yimg.com/xe/i/us/sp/v/nhl_cutout/players_l/10162024/5232.png"
"453.p.5362","Nugent-Hopkins","Ryan","453.l.82957.t.12","Woonsocket Woozles","Available","","BN","C,LW","https://s.yimg.com/iu/api/res/1.2/OEylhgA7rpjxGUFus8Xd8Q--~C/YXBwaWQ9eXNwb3J0cztjaD0yMzM2O2NyPTE7Y3c9MTc5MDtkeD04NTc7ZHk9MDtmaT11bGNyb3A7aD02MDtxPTEwMDt3PTQ2/https://s.yimg.com/xe/i/us/sp/v/nhl_cutout/players_l/11222023/5362.png"
"453.p.6877","Kaprizov","Kirill","453.l.82957.t.12","Woonsocket Woozles","Available","","BN","LW","https://s.yimg.com/iu/api/res/1.2/6Cp1MZeL43SObHJIIj1qRQ--~C/YXBwaWQ9eXNwb3J0cztjaD0yMzM2O2NyPTE7Y3c9MTc5MDtkeD04NTc7ZHk9MDtmaT11bGNyb3A7aD02MDtxPTEwMDt3PTQ2/https://s.yimg.com/xe/i/us/sp/v/nhl_cutout/players_l/10162024/6877.png"
"453.p.8653","Jarvis","Seth","453.l.82957.t.12","Woonsocket Woozles","Available","","BN","C,RW","https://s.yimg.com/iu/api/res/1.2/TMeTs024Wrg5PINeZYirIQ--~C/YXBwaWQ9eXNwb3J0cztjaD0yMzM2O2NyPTE7Y3c9MTc5MDtkeD04NTc7ZHk9MDtmaT11bGNyb3A7aD02MDtxPTEwMDt3PTQ2/https://s.yimg.com/xe/i/us/sp/v/nhl_cutout/players_l/10112024/8653.png"
"453.p.4471","Stamkos","Steven","453.l.82957.t.12","Woonsocket Woozles","Available","","BN","C,LW,RW","https://s.yimg.com/iu/api/res/1.2/hTAOYLUVr.WGVFhUoEW9Pg--~C/YXBwaWQ9eXNwb3J0cztjaD0yMzM2O2NyPTE7Y3c9MTc5MDtkeD04NTc7ZHk9MDtmaT11bGNyb3A7aD02MDtxPTEwMDt3PTQ2/https://s.yimg.com/xe/i/us/sp/v/nhl_cutout/players_l/10072024/4471.png"
"453.p.6744","Eichel","Jack","453.l.82957.t.12","Woonsocket Woozles","Available","","BN","C","https://s.yimg.com/iu/api/res/1.2/m910M5bZsZ0Ng7HqX1Jmeg--~C/YXBwaWQ9eXNwb3J0cztjaD0yMzM2O2NyPTE7Y3c9MTc5MDtkeD04NTc7ZHk9MDtmaT11bGNyb3A7aD02MDtxPTEwMDt3PTQ2/https://s.yimg.com/xe/i/us/sp/v/nhl_cutout/players_l/10162024/6744.png"
"453.p.8155","Thompson","Logan","453.l.82957.t.12","Woonsocket Woozles","Available","","G","G","https://s.yimg.com/iu/api/res/1.2/VUWv6eI80JMBzJPPN5g.Bg--~C/YXBwaWQ9eXNwb3J0cztjaD0yMzM2O2NyPTE7Y3c9MTc5MDtkeD04NTc7ZHk9MDtmaT11bGNyb3A7aD02MDtxPTEwMDt3PTQ2/https://s.yimg.com/xe/i/us/sp/v/nhl_cutout/players_l/10042024/8155.png"
"453.p.5454","Binnington","Jordan","453.l.82957.t.12","Woonsocket Woozles","Available","","G","G","https://s.yimg.com/iu/api/res/1.2/V2fgM.669oKxXP4cHbMloA--~C/YXBwaWQ9eXNwb3J0cztjaD0yMzM2O2NyPTE7Y3c9MTc5MDtkeD04NTc7ZHk9MDtmaT11bGNyb3A7aD02MDtxPTEwMDt3PTQ2/https://s.yimg.com/xe/i/us/sp/v/nhl_cutout/players_l/10102024/5454.png"
"453.p.6758","Barzal","Mathew","453.l.82957.t.12","Woonsocket Woozles","Injured","IR-LT - Upper Body","IR","C,RW,IR","https://s.yimg.com/iu/api/res/1.2/dz60atDuZ5rWZi8go7bSeQ--~C/YXBwaWQ9eXNwb3J0cztjaD0yMzM2O2NyPTE7Y3c9MTc5MDtkeD04NTc7ZHk9MDtmaT11bGNyb3A7aD02MDtxPTEwMDt3PTQ2/https://s.yimg.com/xe/i/us/sp/v/nhl_cutout/players_l/10142024/6758.png"
